sta_id,rec_id,dep_dt,ret_dt,sta_lat,sta_lon,
BUIS_02,VR2W-114119,9/3/2011 0:00,11/26/2011 0:00,17.79901,-64.63578,
BUIS_04,VR2W-112634,9/3/2011 0:00,11/26/2011 0:00,17.78382,-64.63187,
BUIS_07,VR2W-114124,9/3/2011 0:00,11/26/2011 0:00,17.80190,-64.62100,
BUIS_12,VR2W-114122,9/3/2011 0:00,11/26/2011 0:00,17.79200,-64.61590,
BUIS_326,VR2W-114121,9/3/2011 0:00,11/26/2011 0:00,17.78120,-64.59960,
BUIS_445,VR2W-114120,9/3/2011 0:00,11/26/2011 0:00,17.79410,-64.59440,
BUIS_01,VR2W-114121,3/29/2012 0:00,7/11/2012 15:05,17.78976,-64.64280,
BUIS_02,VR2W-114119,3/29/2012 0:00,7/11/2012 12:02,17.79901,-64.63578,
BUIS_03,VR2W-114123,3/29/2012 0:00,7/11/2012 12:11,17.79241,-64.63223,
BUIS_04,VR2W-112634,3/29/2012 0:00,7/11/2012 14:50,17.78382,-64.63187,
BUIS_05,VR2W-114118,3/29/2012 0:00,7/11/2012 10:26,17.77669,-64.62184,
BUIS_06,VR2W-119925,4/6/2012 10:00,7/11/2012 12:23,17.79064,-64.62226,
BUIS_07,VR2W-114124,3/29/2012 0:00,7/11/2012 15:25,17.80190,-64.62100,
BUIS_08,VR2W-115500,3/22/2012 9:21,7/11/2012 14:37,17.78226,-64.61987,
BUIS_09,VR2W-115498,3/22/2012 13:00,7/11/2012 13:57,17.78395,-64.61938,
BUIS_10,VR2W-115501,3/22/2012 10:00,7/11/2012 14:28,17.78246,-64.61790,
BUIS_11,VR2W-115499,3/22/2012 13:30,7/11/2012 13:50,17.78422,-64.61740,
BUIS_12,VR2W-114122,3/29/2012 0:00,7/11/2012 11:45,17.79200,-64.61590,
BUIS_13,VR2W-115502,3/22/2012 11:30,7/11/2012 14:18,17.78352,-64.61468,
BUIS_14,VR2W-115503,3/22/2012 12:00,7/11/2012 14:10,17.78485,-64.61161,
BUIS_15,VR2W-114120,3/29/2012 0:00,7/11/2012 13:45,17.78778,-64.60996,
BUIS_16,VR2W-115504,3/29/2012 0:00,7/11/2012 10:54,17.77853,-64.60758,
BUIS_17,VR2W-114125,3/29/2012 0:00,7/14/2012 12:45,17.79400,-64.60480,
BUIS_01,VR2W-114121,7/13/2012 11:49,10/16/2012 11:45,17.78976,-64.64280,
BUIS_02,VR2W-114119,7/13/2012 11:34,10/16/2012 11:34,17.79901,-64.63578,
BUIS_03,VR2W-114123,7/13/2012 12:01,10/16/2012 12:50,17.79241,-64.63223,
BUIS_04,VR2W-112634,7/13/2012 14:47,10/18/2012 12:00,17.78382,-64.63187,
BUIS_05,VR2W-114118,7/13/2012 10:10,10/16/2012 10:25,17.77669,-64.62184,
BUIS_06,VR2W-119925,7/13/2012 12:14,10/16/2012 13:03,17.79064,-64.62226,
BUIS_07,VR2W-114124,7/13/2012 11:22,10/16/2012 11:24,17.80190,-64.62100,
BUIS_08,VR2W-115500,7/13/2012 14:34,10/16/2012 10:46,17.78226,-64.61987,
BUIS_09,VR2W-115498,7/13/2012 13:45,10/16/2012 11:26,17.78395,-64.61938,
BUIS_10,VR2W-115501,7/13/2012 14:21,10/16/2012 10:46,17.78246,-64.61790,
BUIS_11,VR2W-115499,7/13/2012 13:34,10/16/2012 11:30,17.78422,-64.61740,
BUIS_12,VR2W-114122,7/13/2012 11:10,10/16/2012 13:39,17.79200,-64.61590,
BUIS_13,VR2W-115502,7/13/2012 14:10,10/16/2012 10:34,17.78352,-64.61468,
BUIS_14,VR2W-115503,7/13/2012 13:57,10/16/2012 10:03,17.78485,-64.61161,
BUIS_15,VR2W-114120,7/13/2012 13:17,10/16/2012 10:16,17.78778,-64.60996,
BUIS_16,VR2W-115504,7/13/2012 10:30,10/16/2012 10:49,17.77853,-64.60758,
BUIS_17,VR2W-114125,7/14/2012 13:46,10/16/2012 11:13,17.79400,-64.60480,
BUIS_18,VR2W-120272,9/9/2012 13:00,10/18/2012 11:41,17.78254,-64.62299,
BUIS_19,VR2W-103821,9/9/2012 13:30,10/16/2012 13:22,17.78994,-64.61571,
BUIS_01,VR2W-114121,10/17/2012 14:33,1/30/2013 11:04,17.78976,-64.64280,
BUIS_02,VR2W-114119,10/17/2012 14:43,1/30/2013 14:25,17.79901,-64.63578,
BUIS_03,VR2W-114123,10/17/2012 12:30,1/30/2013 13:50,17.79241,-64.63223,
BUIS_04,VR2W-112634,10/18/2012 15:45,1/30/2013 10:43,17.78382,-64.63187,
BUIS_05,VR2W-114118,10/17/2012 14:19,1/29/2013 12:17,17.77669,-64.62184,
BUIS_06,VR2W-119925,10/17/2012 12:40,1/30/2013 13:43,17.79064,-64.62226,
BUIS_07,VR2W-114124,10/17/2012 13:17,2/7/2013 10:45,17.80190,-64.62100,
BUIS_08,VR2W-115500,10/18/2012 14:39,1/30/2013 10:06,17.78226,-64.61987,
BUIS_09,VR2W-115498,10/18/2012 14:10,1/30/2013 12:00,17.78395,-64.61938,
BUIS_10,VR2W-115501,10/18/2012 14:57,1/30/2013 11:34,17.78246,-64.61790,
BUIS_11,VR2W-115499,10/18/2012 13:37,1/30/2013 12:04,17.78422,-64.61740,
BUIS_12,VR2W-114122,10/17/2012 13:09,2/7/2013 11:30,17.79200,-64.61590,
BUIS_13,VR2W-115502,10/18/2012 15:11,1/29/2013 13:10,17.78352,-64.61468,
BUIS_14,VR2W-115503,10/18/2012 15:24,1/29/2013 12:44,17.78485,-64.61161,
BUIS_15,VR2W-114120,10/17/2012 13:01,1/30/2013 13:15,17.78778,-64.60996,
BUIS_16,VR2W-115504,10/17/2012 13:46,1/29/2013 11:47,17.77853,-64.60758,
BUIS_17,VR2W-114125,10/17/2012 14:25,3/5/2013 12:45,17.79400,-64.60480,
BUIS_18,VR2W-120272,10/18/2012 14:25,1/30/2013 10:23,17.78254,-64.62299,
BUIS_19,VR2W-103821,10/17/2012 12:54,1/30/2013 13:28,17.78994,-64.61571,
BUIS_01,VR2W-114121,1/31/2013 13:05,5/15/2013 14:06,17.78976,-64.64280,
BUIS_02,VR2W-114119,1/31/2013 13:24,6/11/2013 11:06,17.79901,-64.63578,
BUIS_03,VR2W-114123,2/1/2013 11:30,6/11/2013 11:18,17.79241,-64.63223,
BUIS_04,VR2W-112634,1/31/2013 12:50,5/15/2013 13:45,17.78382,-64.63187,
BUIS_05,VR2W-114118,1/29/2013 16:32,5/2/2013 12:41,17.77669,-64.62184,
BUIS_06,VR2W-119925,2/1/2013 11:15,6/11/2013 11:31,17.79064,-64.62226,
BUIS_07,VR2W-114124,2/7/2013 13:13,6/11/2013 10:53,17.80190,-64.62100,
BUIS_08,VR2W-115500,1/31/2013 12:22,5/15/2013 13:06,17.78226,-64.61987,
BUIS_09,VR2W-115498,1/31/2013 14:40,6/11/2013 12:00,17.78395,-64.61938,
BUIS_10,VR2W-115501,1/31/2013 11:48,5/15/2013 12:40,17.78246,-64.61790,
BUIS_11,VR2W-115499,1/31/2013 14:55,6/11/2013 12:06,17.78422,-64.61740,
BUIS_12,VR2W-114122,2/7/2013 13:03,6/11/2013 10:44,17.79200,-64.61590,
BUIS_13,VR2W-115502,1/30/2013 9:49,5/15/2013 12:17,17.78352,-64.61468,
BUIS_14,VR2W-115503,1/30/2013 9:30,5/15/2013 11:51,17.78485,-64.61161,
BUIS_15,VR2W-114120,1/31/2013 15:04,6/11/2013 11:50,17.78778,-64.60996,
BUIS_16,VR2W-115504,1/29/2013 16:13,5/2/2013 11:54,17.77853,-64.60758,
BUIS_17,VR2W-114125,3/6/2013 9:43,6/11/2013 10:30,17.79400,-64.60480,
BUIS_18,VR2W-120272,1/31/2013 12:37,5/15/2013 13:28,17.78254,-64.62299,
BUIS_19,VR2W-103821,1/31/2013 15:23,6/11/2013 11:41,17.78994,-64.61571,
BUIS_01,VR2W-114121,5/16/2013 15:21,11/12/2013 15:14,17.78976,-64.64280,
BUIS_02,VR2W-114119,6/14/2013 11:32,11/14/2013 16:33,17.79901,-64.63578,
BUIS_03,VR2W-114123,6/14/2013 11:41,11/12/2013 15:05,17.79241,-64.63223,
BUIS_04,VR2W-112634,5/16/2013 14:47,11/12/2013 14:58,17.78382,-64.63187,
BUIS_05,VR2W-114118,5/2/2013 14:20,11/12/2013 13:17,17.77669,-64.62184,
BUIS_06,VR2W-119925,6/14/2013 11:48,11/14/2013 14:38,17.79064,-64.62226,
BUIS_07,VR2W-114124,6/14/2013 11:22,11/12/2013 14:18,17.80190,-64.62100,
BUIS_08,VR2W-115500,5/16/2013 14:01,10/29/2013 15:10,17.78226,-64.61987,
BUIS_09,VR2W-115498,6/14/2013 12:13,10/29/2013 15:37,17.78395,-64.61938,
BUIS_10,VR2W-115501,5/16/2013 12:50,10/29/2013 14:43,17.78246,-64.61790,
BUIS_11,VR2W-115499,6/14/2013 12:09,10/29/2013 15:44,17.78422,-64.61740,
BUIS_12,VR2W-114122,6/14/2013 11:13,11/12/2013 10:25,17.79200,-64.61590,
BUIS_13,VR2W-115502,5/16/2013 12:24,11/12/2013 10:00,17.78352,-64.61468,
BUIS_14,VR2W-115503,5/16/2013 12:00,11/12/2013 11:08,17.78485,-64.61161,
BUIS_15,VR2W-114120,6/14/2013 12:04,11/12/2013 9:00,17.78778,-64.60996,
BUIS_16,VR2W-115504,5/2/2013 13:55,11/12/2013 12:57,17.77853,-64.60758,
BUIS_17,VR2W-114125,6/14/2013 11:06,11/12/2013 10:35,17.79400,-64.60480,
BUIS_18,VR2W-120272,5/16/2013 14:22,11/12/2013 14:40,17.78254,-64.62299,
BUIS_19,VR2W-103821,6/14/2013 11:57,11/12/2013 10:19,17.78994,-64.61571,
BUIS_20,VR2W-107320,7/1/2013 15:01,10/30/2013 14:42,17.80537,-64.63568,
BUIS_21,VR2W-108147,7/1/2013 12:10,10/31/2013 9:47,17.79442,-64.64261,
BUIS_22,VR2W-110210,5/24/2013 14:41,10/31/2013 10:08,17.78970,-64.64665,
BUIS_23,VR2W-102917,5/24/2013 15:29,10/31/2013 10:29,17.78490,-64.65096,
BUIS_24,VR2W-110211,7/1/2013 11:30,10/30/2013 13:30,17.79290,-64.63997,
BUIS_25,VR2W-103707,5/20/2013 15:32,10/30/2013 15:58,17.78337,-64.64498,
BUIS_26,VR2W-110208,4/29/2013 15:20,10/30/2013 13:24,17.78245,-64.63773,
BUIS_27,VR2W-103711,5/20/2013 13:04,10/31/2013 15:30,17.78686,-64.63492,
BUIS_28,VR2W-110206,5/7/2013 15:07,11/3/2013 12:47,17.78951,-64.63139,
BUIS_29,VR2W-110202,7/2/2013 10:14,11/3/2013 13:11,17.80089,-64.62901,
BUIS_30,VR2W-107319,7/1/2013 10:23,11/3/2013 13:30,17.79609,-64.62391,
BUIS_31,VR2W-110207,7/1/2013 9:40,11/3/2013 12:53,17.79300,-64.62905,
BUIS_32,VR2W-102800,7/1/2013 9:17,11/3/2013 12:58,17.79075,-64.62730,
BUIS_33,VR2W-103210,4/29/2013 14:45,10/31/2013 15:36,17.78783,-64.62873,
BUIS_34,VR2W-110205,5/9/2013 14:05,10/30/2013 13:00,17.77822,-64.63167,
BUIS_35,VR2W-108145,4/29/2013 13:30,10/31/2013 15:50,17.78454,-64.62530,
BUIS_36,VR2W-103710,4/29/2013 12:48,11/12/2013 9:00,17.78555,-64.61410,
BUIS_37,VR2W-104938,5/9/2013 14:50,10/29/2013 11:57,17.77585,-64.61475,
BUIS_38,VR2W-102914,7/2/2013 16:00,10/29/2013 12:21,17.77951,-64.61807,
BUIS_39,VR2W-110209,7/2/2013 13:30,10/29/2013 11:03,17.78141,-64.60261,
BUIS_40,VR2W-108146,7/3/2013 10:15,10/30/2013 15:01,17.79670,-64.63983,
BUIS_41,VR2W-110204,7/2/2013 12:28,10/30/2013 15:39,17.78724,-64.63976,
BUIS_42,VR2W-102913,7/2/2013 14:06,10/29/2013 13:21,17.78282,-64.60882,
BUIS_43,VR2W-102916,7/1/2013 15:58,10/28/2013 13:45,17.77423,-64.60254,
BUIS_01,VR2W-114121,11/13/2013 14:00,3/19/2014 10:59,17.78976,-64.64280,
BUIS_02,VR2W-114119,11/14/2013 17:00,3/17/2014 11:26,17.79901,-64.63578,
BUIS_03,VR2W-114123,11/13/2013 13:54,3/12/2014 10:38,17.79241,-64.63223,
BUIS_04,VR2W-112634,11/13/2013 14:07,3/20/2014 10:01,17.78382,-64.63187,
BUIS_05,VR2W-114118,11/13/2013 15:31,3/20/2014 9:29,17.77670,-64.62232,
BUIS_06,VR2W-119925,11/14/2013 15:00,3/12/2014 11:00,17.79064,-64.62226,
BUIS_07,VR2W-114124,11/13/2013 11:26,3/14/2014 10:55,17.80190,-64.62100,
BUIS_08,VR2W-115500,10/30/2013 11:38,3/13/2014 12:41,17.78226,-64.61987,
BUIS_09,VR2W-115498,10/30/2013 11:46,3/11/2014 11:51,17.78395,-64.61938,
BUIS_10,VR2W-115501,10/30/2013 11:29,3/13/2014 12:16,17.78246,-64.61790,
BUIS_11,VR2W-115499,10/30/2013 11:48,3/11/2014 12:03,17.78422,-64.61740,
BUIS_12,VR2W-114122,11/13/2013 11:38,3/17/2014 10:26,17.79200,-64.61590,
BUIS_13,VR2W-115502,11/13/2013 12:07,3/13/2014 11:48,17.78352,-64.61468,
BUIS_14,VR2W-115503,11/13/2013 12:00,3/13/2014 10:19,17.78485,-64.61161,
BUIS_15,VR2W-114120,11/13/2013 12:24,3/11/2014 12:22,17.78778,-64.60996,
BUIS_16,VR2W-115504,11/13/2013 1:00,3/18/2014 10:59,17.77853,-64.60758,
BUIS_17,VR2W-114125,11/13/2013 11:47,3/17/2014 10:10,17.79400,-64.60480,
BUIS_18,VR2W-120272,11/13/2013 14:20,3/18/2014 12:24,17.78254,-64.62299,
BUIS_19,VR2W-103821,11/13/2013 13:37,3/11/2014 12:38,17.78994,-64.61571,
BUIS_20,VR2W-107320,10/31/2013 12:26,3/17/2014 11:05,17.80537,-64.63568,
BUIS_21,VR2W-108147,11/3/2013 11:49,3/19/2014 9:48,17.79442,-64.64261,
BUIS_22,VR2W-110210,11/3/2013 11:28,3/19/2014 10:08,17.78970,-64.64665,
BUIS_23,VR2W-104619,11/14/2013 10:31,3/19/2014 10:26,17.78490,-64.65096,
BUIS_24,VR2W-110211,10/31/2013 11:09,3/19/2014 11:12,17.79290,-64.63997,
BUIS_25,VR2W-103707,10/31/2013 11:31,3/19/2014 10:42,17.78337,-64.64498,
BUIS_26,VR2W-110208,10/31/2013 13:46,3/20/2014 10:19,17.78245,-64.63773,
BUIS_27,VR2W-103711,11/3/2013 12:15,3/14/2014 11:10,17.78686,-64.63492,
BUIS_28,VR2W-110206,11/4/2013 12:20,3/12/2014 10:30,17.78951,-64.63139,
BUIS_29,VR2W-110202,11/4/2013 11:26,3/14/2014 10:44,17.80089,-64.62901,
BUIS_30,VR2W-107319,11/4/2013 11:37,3/17/2014 10:44,17.79609,-64.62391,
BUIS_31,VR2W-110207,11/4/2013 12:03,3/12/2014 10:46,17.79300,-64.62905,
BUIS_32,VR2W-102800,11/4/2013 12:13,3/12/2014 10:53,17.79075,-64.62730,
BUIS_33,VR2W-103210,11/3/2013 13:58,3/12/2014 10:20,17.78783,-64.62873,
BUIS_34,VR2W-110205,10/31/2013 14:08,3/20/2014 9:47,17.77822,-64.63167,
BUIS_35,VR2W-108145,11/3/2013 14:08,3/12/2014 10:12,17.78454,-64.62530,
BUIS_36,VR2W-103710,11/13/2013 12:16,3/11/2014 12:14,17.78555,-64.61410,
BUIS_37,VR2W-104938,10/30/2013 11:07,3/18/2014 11:45,17.77585,-64.61475,
BUIS_38,VR2W-104622,11/14/2013 11:09,3/18/2014 12:08,17.77951,-64.61807,
BUIS_39,VR2W-110209,10/30/2013 10:15,3/18/2014 10:07,17.78141,-64.60261,
BUIS_40,VR2W-108146,10/31/2013 12:51,3/17/2014 11:45,17.79670,-64.63983,
BUIS_41,VR2W-110204,10/31/2013 11:20,3/20/2014 10:32,17.78724,-64.63976,
BUIS_42,VR2W-102913,10/30/2013 9:52,3/18/2014 11:23,17.78282,-64.60882,
BUIS_43,VR2W-102916,10/29/2013 10:21,3/18/2014 10:33,17.77423,-64.60254,
BUIS_01,VR2W-104620,3/19/2014 13:45,7/8/2014 10:11,17.78976,-64.64280,
BUIS_02,VR2W-104621,3/17/2014 14:27,7/2/2014 11:06,17.79901,-64.63578,
BUIS_03,VR2W-114123,3/12/2014 15:00,6/26/2014 10:53,17.79241,-64.63223,
BUIS_04,VR2W-102917,3/20/2014 14:36,7/8/2014 10:41,17.78382,-64.63187,
BUIS_05,VR2W-102914,3/20/2014 12:34,7/1/2014 10:37,17.77670,-64.62232,
BUIS_06,VR2W-119925,3/12/2014 14:36,6/26/2014 10:23,17.79064,-64.62226,
BUIS_07,VR2W-114124,3/14/2014 13:46,6/27/2014 10:39,17.80190,-64.62100,
BUIS_08,VR2W-115500,3/13/2014 15:07,7/7/2014 11:18,17.78226,-64.61987,
BUIS_09,VR2W-115498,3/11/2014 15:55,6/26/2014 9:31,17.78395,-64.61938,
BUIS_10,VR2W-115501,3/13/2014 15:22,7/1/2014 12:14,17.78246,-64.61790,
BUIS_11,VR2W-115499,3/11/2014 15:48,6/26/2014 9:37,17.78422,-64.61740,
BUIS_12,VR2W-114122,3/17/2014 14:46,6/27/2014 10:53,17.79200,-64.61590,
BUIS_13,VR2W-115502,3/13/2014 15:38,7/1/2014 11:48,17.78352,-64.61468,
BUIS_14,VR2W-115503,3/13/2014 11:08,7/1/2014 11:28,17.78485,-64.61161,
BUIS_15,VR2W-114120,3/11/2014 15:14,3/12/2014 11:45,17.78778,-64.60996,
BUIS_15,VR2W-104088,3/12/2014 14:29,6/26/2014 10:01,17.78778,-64.60996,
BUIS_16,VR2W-115504,3/18/2014 15:34,6/30/2014 10:55,17.77853,-64.60758,
BUIS_17,VR2W-114125,3/17/2014 15:27,7/2/2014 9:43,17.79400,-64.60480,
BUIS_18,VR2W-120273,3/18/2014 16:11,7/7/2014 11:36,17.78254,-64.62299,
BUIS_19,VR2W-103821,3/11/2014 14:55,6/26/2014 10:11,17.78994,-64.61571,
BUIS_20,VR2W-107320,3/17/2014 13:52,7/2/2014 11:29,17.80537,-64.63568,
BUIS_21,VR2W-108147,3/19/2014 13:28,7/3/2014 10:33,17.79442,-64.64261,
BUIS_22,VR2W-110210,3/19/2014 13:46,7/3/2014 10:58,17.78970,-64.64665,
BUIS_23,VR2W-104619,3/19/2014 14:05,7/3/2014 11:18,17.78490,-64.65096,
BUIS_24,VR2W-110211,3/19/2014 13:17,6/30/2014 12:29,17.79290,-64.63997,
BUIS_25,VR2W-103707,3/19/2014 14:25,7/8/2014 9:34,17.78337,-64.64498,
BUIS_26,VR2W-110208,3/20/2014 14:05,7/8/2014 9:20,17.78245,-64.63773,
BUIS_27,VR2W-103711,3/14/2014 14:12,6/27/2014 10:14,17.78686,-64.63492,
BUIS_28,VR2W-110206,3/12/2014 15:08,6/26/2014 11:00,17.78951,-64.63139,
BUIS_29,VR2W-110202,3/14/2014 14:00,6/27/2014 10:26,17.80089,-64.62901,
BUIS_30,VR2W-107319,3/17/2014 14:58,7/2/2014 10:16,17.79609,-64.62391,
BUIS_31,VR2W-110207,3/12/2014 14:51,6/26/2014 10:44,17.79300,-64.62905,
BUIS_32,VR2W-104623,3/13/2014 14:31,6/26/2014 10:35,17.79075,-64.62730,
BUIS_33,VR2W-103210,3/12/2014 15:16,6/26/2014 11:08,17.78783,-64.62873,
BUIS_34,VR2W-110205,3/20/2014 12:58,7/7/2014 10:40,17.77822,-64.63167,
BUIS_35,VR2W-120967,3/12/2014 15:28,6/27/2014 10:03,17.78454,-64.62530,
BUIS_36,VR2W-103710,3/11/2014 15:40,6/26/2014 9:53,17.78555,-64.61410,
BUIS_37,VR2W-124583,3/24/2014 11:44,7/1/2014 10:59,17.77585,-64.61475,
BUIS_38,VR2W-104622,3/18/2014 15:56,7/7/2014 10:03,17.77951,-64.61807,
BUIS_39,VR2W-110209,3/18/2014 15:05,6/30/2014 11:21,17.78141,-64.60261,
BUIS_40,VR2W-108146,3/17/2014 14:12,7/3/2014 10:12,17.79670,-64.63983,
BUIS_41,VR2W-110204,3/20/2014 14:24,7/8/2014 10:26,17.78724,-64.63976,
BUIS_42,VR2W-102913,3/18/2014 15:13,6/30/2014 11:45,17.78282,-64.60882,
BUIS_43,VR2W-102916,3/18/2014 14:38,6/30/2014 10:29,17.77423,-64.60254,
BUIS_44,VR2W-124586,3/24/2014 13:53,7/7/2014 11:00,17.78125,-64.62357,
BUIS_45,VR2W-124588,3/24/2014 14:29,7/7/2014 10:21,17.77962,-64.62423,
BUIS_46,VR2W-124585,3/25/2014 11:44,7/1/2014 9:56,17.77813,-64.62523,
BUIS_47,VR2W-124584,3/25/2014 12:29,7/8/2014 9:02,17.78033,-64.64191,
BUIS_48,VR2W-124580,3/25/2014 13:44,7/8/2014 9:50,17.78682,-64.64481,
BUIS_49,VR2W-124589,3/24/2014 12:23,6/30/2014 12:05,17.78058,-64.61318,
BUIS_50,VR2W-124581,3/25/2014 15:11,7/2/2014 10:44,17.79328,-64.62435,
BUIS_51,VR2W-124587,3/26/2014 10:31,7/2/2014 10:31,17.79450,-64.62527,
BUIS_52,VR2W-124582,3/26/2014 11:18,7/2/2014 10:01,17.79881,-64.62295,
BUIS_01,VR2W-104620,7/8/2014 14:31,10/27/2014 11:42,17.78976,-64.64280,
BUIS_02,VR2W-104621,7/3/2014 9:50,10/27/2014 10:39,17.79901,-64.63578,
BUIS_03,VR2W-103710,6/26/2014 14:39,10/23/2014 10:14,17.79241,-64.63223,
BUIS_04,VR2W-103707,7/8/2014 15:01,10/27/2014 12:31,17.78382,-64.63187,
BUIS_05,VR2W-102914,7/1/2014 15:03,10/22/2014 12:19,17.77670,-64.62232,
BUIS_06,VR2W-104088,6/26/2014 14:58,10/23/2014 10:00,17.79064,-64.62226,
BUIS_07,VR2W-114122,6/27/2014 13:14,10/23/2014 10:45,17.80190,-64.62100,
BUIS_08,VR2W-115500,7/7/2014 15:40,10/21/2014 14:18,17.78226,-64.61987,
BUIS_09,VR2W-115499,6/26/2014 15:26,10/23/2014 9:16,17.78395,-64.61938,
BUIS_10,VR2W-115501,7/1/2014 16:02,10/21/2014 13:47,17.78246,-64.61790,
BUIS_11,VR2W-114123,6/26/2014 15:31,10/23/2014 9:22,17.78422,-64.61740,
BUIS_12,VR2W-120967,6/27/2014 13:05,10/23/2014 9:51,17.79200,-64.61590,
BUIS_13,VR2W-115502,7/1/2014 15:52,10/21/2014 13:15,17.78352,-64.61468,
BUIS_14,VR2W-115503,7/1/2014 15:40,10/21/2014 12:34,17.78485,-64.61161,
BUIS_15,VR2W-110206,6/26/2014 15:12,10/23/2014 9:34,17.78778,-64.60996,
BUIS_16,VR2W-115504,6/30/2014 15:21,10/21/2014 11:16,17.77853,-64.60758,
BUIS_17,VR2W-114125,7/3/2014 9:25,10/23/2014 10:38,17.79400,-64.60480,
BUIS_18,VR2W-120273,7/7/2014 15:53,10/21/2014 15:05,17.78254,-64.62299,
BUIS_19,VR2W-119925,6/26/2014 15:05,10/23/2014 9:44,17.78994,-64.61571,
BUIS_20,VR2W-107320,7/2/2014 14:25,10/24/2014 11:03,17.80537,-64.63568,
BUIS_21,VR2W-108147,7/3/2014 14:05,10/24/2014 10:37,17.79442,-64.64261,
BUIS_22,VR2W-110210,7/3/2014 13:47,10/24/2014 10:13,17.78970,-64.64665,
BUIS_23,VR2W-104619,7/3/2014 13:31,10/24/2014 9:48,17.78490,-64.65096,
BUIS_24,VR2W-110211,6/30/2014 16:28,10/27/2014 11:24,17.79290,-64.63997,
BUIS_25,VR2W-124580,7/8/2014 14:07,10/27/2014 13:58,17.78337,-64.64498,
BUIS_26,VR2W-124584,7/8/2014 13:50,10/27/2014 10:11,17.78245,-64.63773,
BUIS_27,VR2W-103711,6/27/2014 13:33,10/27/2014 12:56,17.78686,-64.63492,
BUIS_28,VR2W-110207,6/26/2014 14:29,10/23/2014 10:21,17.78951,-64.63139,
BUIS_29,VR2W-110202,6/27/2014 13:21,10/23/2014 10:52,17.80089,-64.62901,
BUIS_30,VR2W-120272,7/2/2014 14:42,10/24/2014 12:32,17.79609,-64.62391,
BUIS_31,VR2W-103210,6/26/2014 14:43,10/23/2014 10:08,17.79300,-64.62905,
BUIS_32,VR2W-115498,6/26/2014 14:50,10/23/2014 10:04,17.79075,-64.62730,
BUIS_33,VR2W-103821,6/26/2014 14:22,10/23/2014 10:26,17.78783,-64.62873,
BUIS_34,VR2W-110205,7/7/2014 15:06,10/22/2014 14:00,17.77822,-64.63167,
BUIS_35,VR2W-114124,6/27/2014 13:45,10/21/2014 15:36,17.78454,-64.62530,
BUIS_36,VR2W-104623,6/26/2014 15:18,10/23/2014 9:28,17.78555,-64.61410,
BUIS_37,VR2W-124583,7/1/2014 15:21,10/22/2014 11:32,17.77585,-64.61475,
BUIS_38,VR2W-124588,7/7/2014 14:33,10/21/2014 11:47,17.77951,-64.61807,
BUIS_39,VR2W-110209,6/30/2014 15:38,10/22/2014 10:03,17.78141,-64.60261,
BUIS_40,VR2W-108146,7/3/2014 14:22,10/27/2014 11:04,17.79670,-64.63983,
BUIS_41,VR2W-110204,7/8/2014 14:47,10/27/2014 13:15,17.78724,-64.63976,
BUIS_42,VR2W-102913,6/30/2014 15:53,10/22/2014 10:38,17.78282,-64.60882,
BUIS_43,VR2W-102916,6/30/2014 15:03,10/22/2014 9:36,17.77423,-64.60254,
BUIS_44,VR2W-104622,7/7/2014 15:23,10/22/2014 13:38,17.78125,-64.62357,
BUIS_45,VR2W-124586,7/7/2014 14:49,10/22/2014 13:11,17.77962,-64.62423,
BUIS_46,VR2W-124585,7/1/2014 14:47,10/22/2014 12:45,17.77813,-64.62523,
BUIS_47,VR2W-110208,7/8/2014 13:37,10/27/2014 9:52,17.78033,-64.64191,
BUIS_48,VR2W-102917,7/8/2014 14:19,10/27/2014 13:39,17.78682,-64.64481,
BUIS_49,VR2W-124589,6/30/2014 16:09,10/22/2014 11:08,17.78058,-64.61318,
BUIS_50,VR2W-124581,7/3/2014 9:38,10/24/2014 13:18,17.79328,-64.62435,
BUIS_51,VR2W-124587,7/3/2014 9:43,10/24/2014 12:53,17.79450,-64.62527,
BUIS_52,VR2W-124582,7/2/2014 14:54,10/24/2014 12:07,17.79881,-64.62295,
BUIS_01,VR2W-104621,10/27/2014 11:56,2/6/2015 14:51,17.78976,-64.64280,
BUIS_02,VR2W-124587,10/27/2014 10:53,2/6/2015 14:24,17.79901,-64.63578,
BUIS_03,VR2W-104088,10/23/2014 16:36,2/5/2015 11:34,17.79241,-64.63223,
BUIS_04,VR2W-110211,10/27/2014 12:46,2/6/2015 15:33,17.78382,-64.63187,
BUIS_05,VR2W-124583,10/22/2014 12:35,2/4/2015 12:40,17.77670,-64.62232,
BUIS_06,VR2W-104623,10/23/2014 16:47,2/5/2015 12:00,17.79064,-64.62226,
BUIS_07,VR2W-114122,10/23/2014 15:12,2/5/2015 10:25,17.80190,-64.62100,
BUIS_08,VR2W-115502,10/21/2014 14:37,2/4/2015 14:32,17.78226,-64.61987,
BUIS_09,VR2W-119925,10/23/2014 15:33,2/5/2015 12:38,17.78395,-64.61938,
BUIS_10,VR2W-115503,10/21/2014 14:07,2/4/2015 14:09,17.78246,-64.61790,
BUIS_11,VR2W-103210,10/23/2014 17:04,2/5/2015 12:35,17.78422,-64.61740,
BUIS_12,VR2W-114125,10/23/2014 15:19,2/5/2015 12:14,17.79200,-64.61590,
BUIS_13,VR2W-102800,10/21/2014 13:32,2/4/2015 13:43,17.78352,-64.61468,
BUIS_14,VR2W-115504,10/21/2014 12:54,2/4/2015 13:13,17.78485,-64.61161,
BUIS_15,VR2W-110206,10/23/2014 16:56,2/5/2015 12:22,17.78778,-64.60996,
BUIS_16,VR2W-104938,10/21/2014 11:31,2/3/2015 13:21,17.77853,-64.60758,
BUIS_17,VR2W-114123,10/23/2014 15:26,2/5/2015 10:07,17.79400,-64.60480,
BUIS_18,VR2W-115501,10/21/2014 15:17,2/4/2015 11:00,17.78254,-64.62299,
BUIS_19,VR2W-115499,10/23/2014 16:51,2/5/2015 12:08,17.78994,-64.61571,
BUIS_20,VR2W-110210,10/24/2014 11:15,2/7/2015 10:00,17.80537,-64.63568,
BUIS_21,VR2W-110205,10/24/2014 10:49,2/7/2015 10:38,17.79442,-64.64261,
BUIS_22,VR2W-104622,10/24/2014 10:27,2/6/2015 10:23,17.78970,-64.64665,
BUIS_23,VR2W-124585,10/24/2014 10:02,2/6/2015 9:42,17.78490,-64.65096,
BUIS_24,VR2W-110208,10/27/2014 11:33,2/6/2015 13:39,17.79290,-64.63997,
BUIS_25,VR2W-103711,10/27/2014 14:10,2/7/2015 14:00,17.78337,-64.64498,
BUIS_26,VR2W-124581,10/27/2014 10:21,2/7/2015 13:21,17.78245,-64.63773,
BUIS_27,VR2W-104620,10/27/2014 13:04,2/5/2015 11:04,17.78686,-64.63492,
BUIS_28,VR2W-110207,10/23/2014 16:17,2/5/2015 11:28,17.78951,-64.63139,
BUIS_29,VR2W-110202,10/23/2014 15:02,2/5/2015 10:43,17.80089,-64.62901,
BUIS_30,VR2W-107320,10/24/2014 12:43,2/6/2015 12:45,17.79609,-64.62391,
BUIS_31,VR2W-103710,10/23/2014 16:25,2/5/2015 11:44,17.79300,-64.62905,
BUIS_32,VR2W-115498,10/23/2014 16:41,2/5/2015 11:51,17.79075,-64.62730,
BUIS_33,VR2W-103821,10/23/2014 16:12,2/5/2015 11:22,17.78783,-64.62873,
BUIS_34,VR2W-124586,10/22/2014 14:17,2/7/2015 12:56,17.77822,-64.63167,
BUIS_35,VR2W-107319,10/21/2014 15:45,2/5/2015 12:44,17.78454,-64.62530,
BUIS_36,VR2W-120967,10/23/2014 17:00,2/5/2015 12:31,17.78555,-64.61410,
BUIS_37,VR2W-102913,10/22/2014 11:45,2/3/2015 14:12,17.77585,-64.61475,
BUIS_38,VR2W-108145,10/21/2014 11:59,2/4/2015 9:46,17.77951,-64.61807,
BUIS_39,VR2W-114124,10/22/2014 10:15,2/3/2015 11:33,17.78141,-64.60261,
BUIS_40,VR2W-124584,10/27/2014 11:16,2/7/2015 10:59,17.79670,-64.63983,
BUIS_41,VR2W-108146,10/27/2014 13:25,2/6/2015 15:12,17.78724,-64.63976,
BUIS_42,VR2W-102916,10/22/2014 10:52,2/3/2015 12:02,17.78282,-64.60882,
BUIS_43,VR2W-124588,10/22/2014 9:48,2/3/2015 11:09,17.77423,-64.60254,
BUIS_44,VR2W-120273,10/22/2014 13:50,2/4/2015 10:11,17.78125,-64.62357,
BUIS_45,VR2W-102914,10/22/2014 13:22,2/4/2015 10:38,17.77962,-64.62423,
BUIS_46,VR2W-124589,10/22/2014 12:57,2/4/2015 12:18,17.77813,-64.62523,
BUIS_47,VR2W-124582,10/27/2014 10:02,2/7/2015 13:40,17.78033,-64.64191,
BUIS_48,VR2W-103707,10/27/2014 13:47,2/7/2015 11:21,17.78682,-64.64481,
BUIS_49,VR2W-110209,10/22/2014 11:20,2/3/2015 13:47,17.78058,-64.61318,
BUIS_50,VR2W-120272,10/24/2014 13:30,2/6/2015 12:11,17.79328,-64.62435,
BUIS_51,VR2W-115500,10/24/2014 13:03,2/6/2015 12:29,17.79450,-64.62527,
BUIS_52,VR2W-108147,10/24/2014 12:21,2/6/2015 13:08,17.79881,-64.62295,
BUIS_01,VR2W-107320,2/6/2015 14:59,7/1/2015 12:36,17.78976,-64.64280,
BUIS_02,VR2W-108147,2/6/2015 14:37,6/30/2015 9:31,17.79901,-64.63578,
BUIS_03,VR2W-120967,2/5/2015 15:23,7/6/2015 11:57,17.79241,-64.63223,
BUIS_04,VR2W-110208,2/6/2015 15:40,7/7/2015 10:35,17.78382,-64.63187,
BUIS_05,VR2W-115501,2/4/2015 12:55,6/30/2015 15:46,17.77670,-64.62232,
BUIS_06,VR2W-115503,2/5/2015 15:40,7/2/2015 10:43,17.79064,-64.62226,
BUIS_07,VR2W-115504,2/5/2015 10:39,7/6/2015 11:36,17.80190,-64.62100,
BUIS_08,VR2W-124583,2/4/2015 14:51,7/7/2015 14:38,17.78226,-64.61987,
BUIS_09,VR2W-110207,2/5/2015 16:22,7/6/2015 11:06,17.78395,-64.61938,
BUIS_10,VR2W-120273,2/4/2015 14:22,7/7/2015 14:15,17.78246,-64.61790,
BUIS_11,VR2W-103821,2/5/2015 16:18,7/2/2015 10:03,17.78422,-64.61740,
BUIS_12,VR2W-107319,2/5/2015 15:54,7/6/2015 11:23,17.79200,-64.61590,
BUIS_13,VR2W-124589,2/4/2015 13:58,7/7/2015 13:44,17.78352,-64.61468,
BUIS_14,VR2W-102914,2/4/2015 13:32,7/7/2015 13:19,17.78485,-64.61161,
BUIS_15,VR2W-103710,2/5/2015 16:02,7/2/2015 10:23,17.78778,-64.60996,
BUIS_16,VR2W-114124,2/3/2015 13:37,7/8/2015 10:08,17.77853,-64.60758,
BUIS_17,VR2W-115502,2/5/2015 10:19,7/8/2015 12:36,17.79400,-64.60480,
BUIS_18,VR2W-110209,2/4/2015 11:14,7/7/2015 11:20,17.78254,-64.62299,
BUIS_19,VR2W-104623,2/5/2015 15:48,7/2/2015 10:33,17.78994,-64.61571,
BUIS_20,VR2W-108146,2/7/2015 10:27,6/29/2015 12:31,17.80537,-64.63568,
BUIS_21,VR2W-104621,2/7/2015 10:48,7/1/2015 12:00,17.79442,-64.64261,
BUIS_22,VR2W-119925,2/6/2015 10:34,6/29/2015 14:53,17.78970,-64.64665,
BUIS_23,VR2W-110202,2/6/2015 10:04,6/29/2015 15:20,17.78490,-64.65096,
BUIS_24,VR2W-115500,2/6/2015 13:46,7/1/2015 12:23,17.79290,-64.63997,
BUIS_25,VR2W-124584,2/7/2015 14:08,6/29/2015 15:52,17.78337,-64.64498,
BUIS_26,VR2W-103707,2/7/2015 13:35,7/7/2015 10:11,17.78245,-64.63773,
BUIS_27,VR2W-115498,2/5/2015 16:40,7/2/2015 10:41,17.78686,-64.63492,
BUIS_28,VR2W-114123,2/5/2015 15:19,7/6/2015 12:22,17.78951,-64.63139,
BUIS_29,VR2W-102800,2/5/2015 10:56,7/6/2015 11:45,17.80089,-64.62901,
BUIS_30,VR2W-110206,2/6/2015 12:57,7/9/2015 10:55,17.79609,-64.62391,
BUIS_31,VR2W-103210,2/5/2015 15:31,7/2/2015 11:04,17.79300,-64.62905,
BUIS_32,VR2W-104088,2/5/2015 15:36,7/2/2015 10:56,17.79075,-64.62730,
BUIS_33,VR2W-114122,2/5/2015 15:10,7/2/2015 9:26,17.78783,-64.62873,
BUIS_34,VR2W-110205,2/7/2015 13:11,7/7/2015 10:53,17.77822,-64.63167,
BUIS_35,VR2W-104620,2/5/2015 16:29,7/2/2015 9:42,17.78454,-64.62530,
BUIS_36,VR2W-115499,2/5/2015 16:08,7/2/2015 10:13,17.78555,-64.61410,
BUIS_37,VR2W-124588,2/3/2015 14:28,6/30/2015 15:25,17.77585,-64.61475,
BUIS_38,VR2W-102913,2/4/2015 10:00,6/30/2015 14:59,17.77951,-64.61807,
BUIS_39,VR2W-124580,2/3/2015 11:45,6/26/2015 14:26,17.78141,-64.60261,
BUIS_40,VR2W-124587,2/7/2015 11:09,7/9/2015 11:42,17.79670,-64.63983,
BUIS_41,VR2W-120272,2/6/2015 15:23,7/1/2015 15:14,17.78724,-64.63976,
BUIS_42,VR2W-110204,2/3/2015 12:16,7/8/2015 10:29,17.78282,-64.60882,
BUIS_43,VR2W-102917,2/3/2015 11:23,6/26/2015 15:00,17.77423,-64.60254,
BUIS_44,VR2W-104619,2/4/2015 10:25,6/30/2015 12:48,17.78125,-64.62357,
BUIS_45,VR2W-104938,2/4/2015 10:51,6/30/2015 13:15,17.77962,-64.62423,
BUIS_46,VR2W-108145,2/4/2015 12:32,6/30/2015 13:41,17.77813,-64.62523,
BUIS_47,VR2W-110210,2/7/2015 13:52,7/1/2015 11:28,17.78033,-64.64191,
BUIS_48,VR2W-110211,2/7/2015 11:29,7/9/2015 12:03,17.78682,-64.64481,
BUIS_49,VR2W-102916,2/3/2015 14:02,7/8/2015 9:46,17.78058,-64.61318,
BUIS_50,VR2W-104622,2/6/2015 12:21,7/6/2015 12:11,17.79328,-64.62435,
BUIS_51,VR2W-124585,2/6/2015 12:36,7/9/2015 10:41,17.79450,-64.62527,
BUIS_52,VR2W-114125,2/6/2015 13:16,7/9/2015 11:16,17.79881,-64.62295,
BUIS_53,VR2W-107873,5/1/2015 13:26,6/29/2015 10:52,17.80672,-64.63931,
BUIS_54,VR2W-127009,4/29/2015 12:32,6/29/2015 11:49,17.81171,-64.63815,
BUIS_55,VR2W-101222,4/29/2015 14:30,6/30/2015 10:06,17.81245,-64.63305,
BUIS_56,VR2W-106779,4/30/2015 11:22,6/30/2015 10:43,17.80951,-64.62175,
BUIS_57,VR2W-107866,5/1/2015 14:29,6/26/2015 11:13,17.80878,-64.61457,
BUIS_58,VR2W-127008,4/29/2015 13:12,7/1/2015 10:26,17.80635,-64.60589,
BUIS_59,VR2W-107861,4/30/2015 10:29,6/26/2015 13:15,17.80514,-64.59657,
BUIS_60,VR2W-107868,4/29/2015 10:54,7/8/2015 14:46,17.80187,-64.58978,
BUIS_61,VR2W-101221,4/29/2015 9:48,7/8/2015 14:07,17.79937,-64.58104,
BUIS_62,VR2W-127007,4/29/2015 10:22,7/8/2015 13:21,17.79811,-64.57077,
AVPS_01,VR2W-126534,6/3/2015 12:36,11/6/2015 9:44,17.79222,-64.64188,
AVPS_02,VR2W-126520,6/2/2015 15:51,11/4/2015 11:48,17.79151,-64.64126,
AVPS_03,VR2W-126536,6/2/2015 14:00,11/4/2015 11:22,17.79092,-64.64066,
AVPS_04,VR2W-126535,6/3/2015 12:13,11/4/2015 12:01,17.79206,-64.64283,
AVPS_05,VR2W-106776,6/2/2015 16:09,10/28/2015 15:30,17.79132,-64.64217,
AVPS_06,VR2W-126519,6/1/2015 15:45,11/6/2015 10:01,17.79074,-64.64156,
AVPS_07,VR2W-126523,6/1/2015 16:03,11/5/2015 11:32,17.79009,-64.64101,
AVPS_08,VR2W-126518,6/1/2015 16:25,11/6/2015 10:16,17.79124,-64.64308,
AVPS_09,VR2W-107880,6/1/2015 16:44,10/28/2015 15:11,17.79048,-64.64248,
AVPS_10,VR2W-126522,6/1/2015 17:03,11/5/2015 10:05,17.78981,-64.64189,
AVPS_11,VR2W-126524,6/2/2015 10:10,11/6/2015 10:31,17.79103,-64.64405,
AVPS_12,VR2W-126527,6/2/2015 10:28,11/5/2015 10:55,17.79035,-64.64339,
AVPS_13,VR2W-126533,6/2/2015 16:44,11/6/2015 9:56,17.78893,-64.64559,
AVPS_14,VR2W-126529,6/1/2015 14:15,11/5/2015 10:23,17.78904,-64.64229,
AVPS_15,VR2W-126530,6/2/2015 10:47,11/5/2015 11:14,17.79011,-64.64449,
AVPS_16,VR2W-107876,6/2/2015 11:02,10/27/2015 15:15,17.78954,-64.64381,
AVPS_17,VR2W-107867,6/1/2015 14:41,10/27/2015 14:55,17.78891,-64.64318,
AVPS_18,VR2W-126531,6/2/2015 16:26,11/6/2015 9:41,17.78997,-64.64529,
AVPS_19,VR2W-107877,6/1/2015 15:08,10/28/2015 14:49,17.78934,-64.64475,
AVPS_20,VR2W-126517,6/2/2015 11:19,11/6/2015 10:18,17.78862,-64.64400,
AVPS_21,VR2W-126528,6/2/2015 14:55,11/4/2015 11:11,17.79176,-64.64003,
AVPS_22,VR2W-126526,6/2/2015 15:37,11/4/2015 10:56,17.79227,-64.64059,
AVPS_23,VR2W-126532,6/2/2015 17:15,11/3/2015 12:51,17.79292,-64.64117,
AVPS_24,VR2W-126525,6/2/2015 14:20,11/3/2015 12:33,17.79221,-64.63938,
AVPS_25,VR2W-126521,6/2/2015 16:59,11/3/2015 12:15,17.79349,-64.64058,
BUIS_01,VR2W-124585,7/9/2015 14:42,11/5/2015 9:51,17.78976,-64.64280,
BUIS_02,VR2W-110202,6/30/2015 9:43,11/5/2015 15:21,17.79901,-64.63578,
BUIS_03,VR2W-107319,7/6/2015 14:41,10/26/2015 12:07,17.79241,-64.63223,
BUIS_04,VR2W-124589,7/7/2015 16:21,11/2/2015 14:35,17.78382,-64.63187,
BUIS_05,VR2W-108145,6/30/2015 16:20,11/3/2015 15:51,17.77554,-64.62219,
BUIS_06,VR2W-115503,7/2/2015 13:29,10/26/2015 11:41,17.79064,-64.62226,
BUIS_07,VR2W-104622,7/6/2015 15:15,11/4/2015 15:08,17.80190,-64.62100,
BUIS_08,VR2W-110209,7/7/2015 14:58,11/2/2015 15:00,17.78226,-64.61987,
BUIS_09,VR2W-105333,7/6/2015 11:10,10/26/2015 10:53,17.78395,-64.61938,
BUIS_10,VR2W-120967,7/7/2015 14:28,11/2/2015 15:24,17.78246,-64.61790,
BUIS_11,VR2W-103710,7/2/2015 14:07,10/26/2015 11:04,17.78422,-64.61740,
BUIS_12,VR2W-103215,7/17/2015 12:20,11/12/2015 10:44,17.79200,-64.61590,
BUIS_13,VR2W-102800,7/7/2015 14:01,11/2/2015 15:46,17.78352,-64.61468,
BUIS_14,VR2W-110205,7/7/2015 13:36,11/5/2015 15:56,17.78485,-64.61161,
BUIS_15,VR2W-115499,7/2/2015 13:47,10/26/2015 11:20,17.78778,-64.60996,
BUIS_16,VR2W-101221,7/8/2015 16:42,11/12/2015 11:51,17.77853,-64.60758,
BUIS_17,VR2W-107868,7/8/2015 15:42,11/5/2015 9:32,17.79400,-64.60480,
BUIS_18,VR2W-110208,7/7/2015 17:03,11/2/2015 13:28,17.78254,-64.62299,
BUIS_19,VR2W-103210,7/2/2015 13:41,10/26/2015 11:31,17.78994,-64.61571,
BUIS_20,VR2W-124580,6/30/2015 12:41,11/3/2015 10:58,17.80537,-64.63568,
BUIS_21,VR2W-104621,7/1/2015 14:42,11/5/2015 14:41,17.79442,-64.64261,
BUIS_22,VR2W-127009,6/29/2015 15:03,11/6/2015 10:35,17.78970,-64.64665,
BUIS_23,VR2W-108146,6/29/2015 15:35,11/5/2015 10:39,17.78490,-64.65096,
BUIS_24,VR2W-115500,7/1/2015 14:23,11/4/2015 10:33,17.79290,-64.63997,
BUIS_25,VR2W-107873,6/29/2015 16:03,11/5/2015 11:56,17.78337,-64.64498,
BUIS_26,VR2W-102914,7/7/2015 16:34,11/4/2015 11:30,17.78245,-64.63773,
BUIS_27,VR2W-103213,7/6/2015 10:46,10/26/2015 14:16,17.78686,-64.63492,
BUIS_28,VR2W-114123,7/6/2015 14:37,10/26/2015 12:20,17.78951,-64.63139,
BUIS_29,VR2W-115504,7/6/2015 15:03,11/4/2015 15:30,17.80089,-64.62901,
BUIS_30,VR2W-103821,7/9/2015 11:08,11/4/2015 13:51,17.79609,-64.62391,
BUIS_31,VR2W-114122,7/2/2015 13:14,11/5/2015 10:04,17.79300,-64.62905,
BUIS_32,VR2W-104620,7/2/2015 13:21,10/26/2015 11:53,17.79075,-64.62730,
BUIS_33,VR2W-104088,7/2/2015 14:23,10/26/2015 12:32,17.78783,-64.62873,
BUIS_34,VR2W-120273,7/7/2015 16:48,11/3/2015 16:22,17.77822,-64.63167,
BUIS_35,VR2W-104623,7/2/2015 14:16,10/26/2015 12:42,17.78454,-64.62530,
BUIS_36,VR2W-103130,7/17/2015 12:05,10/26/2015 11:11,17.78555,-64.61410,
BUIS_37,VR2W-104938,6/30/2015 15:35,11/3/2015 13:57,17.77585,-64.61475,
BUIS_38,VR2W-120272,7/1/2015 16:16,11/4/2015 11:05,17.77951,-64.61807,
BUIS_39,VR2W-103711,6/26/2015 14:40,11/3/2015 14:29,17.78141,-64.60261,
BUIS_40,VR2W-110206,7/9/2015 14:57,11/5/2015 15:01,17.79670,-64.63983,
BUIS_41,VR2W-127008,7/1/2015 15:24,10/26/2015 14:30,17.78724,-64.63976,
BUIS_42,VR2W-127007,7/8/2015 17:16,11/4/2015 10:44,17.78282,-64.60882,
BUIS_43,VR2W-124586,6/26/2015 15:13,11/3/2015 15:00,17.77423,-64.60254,
BUIS_44,VR2W-108147,6/30/2015 13:00,11/2/2015 13:48,17.78125,-64.62357,
BUIS_45,VR2W-101222,6/30/2015 13:26,11/2/2015 14:07,17.77962,-64.62423,
BUIS_46,VR2W-106779,6/30/2015 13:53,11/12/2015 12:17,17.77813,-64.62523,
BUIS_47,VR2W-115501,7/1/2015 11:41,11/5/2015 11:38,17.78033,-64.64191,
BUIS_48,VR2W-114125,7/9/2015 14:30,10/27/2015 15:39,17.78682,-64.64481,
BUIS_49,VR2W-114486,7/17/2015 12:52,11/12/2015 11:21,17.78058,-64.61318,
BUIS_50,VR2W-115498,7/6/2015 14:49,11/4/2015 13:19,17.79328,-64.62435,
BUIS_51,VR2W-110211,7/9/2015 15:38,11/4/2015 13:37,17.79450,-64.62527,
BUIS_52,VR2W-124587,7/9/2015 15:18,11/4/2015 14:13,17.79881,-64.62295,
BUIS_53,VR2W-102917,6/29/2015 11:08,10/30/2015 9:31,17.80672,-64.63931,
BUIS_54,VR2W-107866,6/29/2015 12:02,10/30/2015 10:52,17.81171,-64.63815,
BUIS_55,VR2W-119925,6/30/2015 10:21,10/30/2015 9:58,17.81245,-64.63305,
BUIS_56,VR2W-124584,6/30/2015 10:59,10/30/2015 11:20,17.80951,-64.62175,
BUIS_57,VR2W-124581,6/26/2015 11:33,10/30/2015 13:01,17.80878,-64.61457,
BUIS_58,VR2W-124588,7/1/2015 10:42,10/30/2015 12:10,17.80635,-64.60589,
BUIS_59,VR2W-124582,6/26/2015 13:40,10/29/2015 9:35,17.80514,-64.59657,
BUIS_60,VR2W-124583,7/8/2015 15:00,10/29/2015 10:37,17.80187,-64.58978,
BUIS_61,VR2W-115502,7/8/2015 14:23,10/28/2015 11:03,17.79937,-64.58104,
BUIS_62,VR2W-102916,7/8/2015 13:35,10/28/2015 12:06,17.79811,-64.57077,
BUIS_63,VR2W-107870,6/24/2015 10:56,10/27/2015 13:15,17.80136,-64.56660,
BUIS_64,VR2W-107878,6/22/2015 15:21,10/29/2015 13:54,17.79499,-64.57278,
BUIS_65,VR2W-107862,6/23/2015 13:40,10/30/2015 13:55,17.79225,-64.57482,
BUIS_66,VR2W-107874,6/24/2015 11:54,10/28/2015 11:30,17.79826,-64.57601,
BUIS_67,VR2W-107875,6/22/2015 15:03,10/29/2015 13:23,17.79557,-64.57764,
BUIS_68,VR2W-107864,6/22/2015 15:48,10/29/2015 14:41,17.79245,-64.57911,
BUIS_69,VR2W-107869,6/23/2015 13:03,10/29/2015 12:54,17.79641,-64.58268,
BUIS_70,VR2W-106782,6/23/2015 10:56,10/28/2015 10:27,17.80299,-64.58283,
BUIS_71,VR2W-106781,6/22/2015 14:09,10/29/2015 11:17,17.80052,-64.58529,
BUIS_72,VR2W-107863,6/23/2015 12:15,10/29/2015 12:26,17.79730,-64.58636,
BUIS_73,VR2W-114097,6/24/2015 11:02,10/29/2015 11:47,17.79895,-64.59072,
BUIS_74,VR2W-107859,6/24/2015 10:29,10/29/2015 10:06,17.80239,-64.59352,
BUIS_75,VR2W-107872,6/22/2015 14:06,10/28/2015 10:00,17.80199,-64.57876,
BUIS_76,VR2W-107857,6/23/2015 10:32,11/3/2015 11:28,17.80273,-64.63946,
BUIS_77,VR2W-106777,6/23/2015 11:09,11/3/2015 10:30,17.80901,-64.63531,
BUIS_78,VR2W-107855,6/22/2015 16:17,11/3/2015 12:02,17.80594,-64.62159,
EEMP_01,VR2W-107879,6/23/2015 14:15,10/28/2015 12:48,17.79759,-64.56723,
EEMP_02,VR2W-106780,6/23/2015 15:11,10/28/2015 13:29,17.79497,-64.56921,
EEMP_03,VR2W-107858,6/24/2015 12:44,11/4/2015 10:03,17.79215,-64.57111,
LANG_01,VR2W-104930,6/23/2015 12:20,10/27/2015 12:03,17.80652,-64.54310,
LANG_02,VR2W-107871,6/23/2015 13:13,10/27/2015 12:41,17.80217,-64.54083,
LANG_03,VR2W-107856,6/24/2015 12:28,10/27/2015 10:52,17.82495,-64.50996,
LANG_04,VR2W-107865,6/24/2015 13:21,10/27/2015 11:25,17.81992,-64.50908,
LANG_05,VR2W-106778,6/24/2015 14:43,10/27/2015 10:19,17.83172,-64.48045,
REFT_01,16295/1196899,6/3/2015 11:50,1/26/2016 13:00,17.78958,-64.64411,
REFT_02,16294/1196898,6/3/2015 11:10,1/26/2016 13:30,17.79186,-64.64084,
REFT_03,16293/1196897,6/3/2015 11:29,1/26/2016 14:00,17.79064,-64.64222,
AVPS_01,VR2W-126534,11/6/2015 14:22,5/12/2016 9:51,17.79222,-64.64188,
AVPS_02,VR2W-126520,11/4/2015 15:52,5/13/2016 10:44,17.79151,-64.64126,
AVPS_03,VR2W-126536,11/4/2015 15:46,5/11/2016 10:26,17.79092,-64.64066,
AVPS_04,VR2W-126535,11/4/2015 16:01,5/12/2016 10:05,17.79206,-64.64283,
AVPS_05,VR2Tx-480302,10/28/2015 15:42,5/9/2016 10:40,17.79132,-64.64217,
AVPS_06,VR2W-126519,11/6/2015 14:18,5/11/2016 10:38,17.79074,-64.64156,
AVPS_07,VR2W-126523,11/5/2015 16:04,5/11/2016 9:38,17.79009,-64.64101,
AVPS_08,VR2W-126518,11/6/2015 14:30,5/11/2016 9:53,17.79124,-64.64308,
AVPS_09,VR2W-127993,10/28/2015 15:21,5/11/2016 11:00,17.79048,-64.64248,
AVPS_10,VR2W-126522,11/5/2015 15:07,5/10/2016 11:06,17.78981,-64.64189,
AVPS_11,VR2W-126524,11/6/2015 14:35,5/11/2016 10:06,17.79103,-64.64405,
AVPS_12,VR2W-126527,11/5/2015 15:38,5/11/2016 11:11,17.79035,-64.64339,
AVPS_13,VR2W-126533,11/6/2015 13:41,5/9/2016 11:41,17.78893,-64.64559,
AVPS_14,VR2W-126529,11/5/2015 15:19,5/10/2016 10:44,17.78904,-64.64229,
AVPS_15,VR2W-126530,11/5/2015 15:56,5/9/2016 12:19,17.79011,-64.64449,
AVPS_16,VR2W-127008,10/27/2015 15:30,5/10/2016 11:56,17.78954,-64.64381,
AVPS_17,VR2W-103213,10/27/2015 15:07,5/10/2016 10:23,17.78891,-64.64318,
AVPS_18,VR2W-126531,11/6/2015 13:29,5/9/2016 11:12,17.78997,-64.64529,
AVPS_19,VR2W-114124,10/28/2015 15:00,5/9/2016 12:00,17.78934,-64.64475,
AVPS_20,VR2W-126517,11/6/2015 13:52,5/10/2016 10:06,17.78862,-64.64400,
AVPS_21,VR2W-126528,11/4/2015 15:40,5/13/2016 10:30,17.79176,-64.64003,
AVPS_22,VR2W-126526,11/4/2015 15:31,5/12/2016 9:39,17.79227,-64.64059,
AVPS_23,VR2W-126532,11/3/2015 15:23,5/13/2016 10:14,17.79292,-64.64117,
AVPS_24,VR2W-126525,11/3/2015 15:15,5/12/2016 9:29,17.79221,-64.63938,
AVPS_25,VR2W-126521,11/3/2015 15:08,5/13/2016 10:02,17.79349,-64.64058,
BUIS_01,VR2W-124585,11/5/2015 14:57,5/10/2016 11:30,17.78976,-64.64280,
BUIS_02,VR2W-115501,11/5/2015 15:32,5/10/2016 10:27,17.79901,-64.63578,
BUIS_03,VR2W-103972,10/26/2015 12:14,5/26/2016 11:04,17.79241,-64.63223,
BUIS_04,VR2W-120680,11/2/2015 14:42,12/21/2015 12:10,17.78382,-64.63187,
BUIS_04,VR2W-106782,12/21/2015 12:25,5/10/2016 13:42,17.78382,-64.63187,
BUIS_05,VR2W-124586,11/3/2015 16:09,5/11/2016 10:32,17.77554,-64.62219,
BUIS_06,VR2W-108272,10/26/2015 11:46,5/26/2016 11:49,17.79064,-64.62226,
BUIS_07,VR2W-124587,11/4/2015 15:18,5/18/2016 13:08,17.80190,-64.62100,
BUIS_08,VR2W-120323,11/2/2015 15:12,12/21/2015 10:46,17.78226,-64.61987,
BUIS_08,VR2W-105676,12/21/2015 10:54,5/11/2016 11:37,17.78226,-64.61987,
BUIS_09,VR2W-107836,10/26/2015 10:58,5/26/2016 14:27,17.78395,-64.61938,
BUIS_10,VR2W-114499,11/2/2015 15:35,12/21/2015 10:29,17.78246,-64.61790,
BUIS_10,VR2W-103707,12/21/2015 10:37,5/11/2016 11:19,17.78246,-64.61790,
BUIS_11,VR2W-108301,10/26/2015 11:06,5/26/2016 14:17,17.78422,-64.61740,
BUIS_12,VR2W-107878,11/12/2015 10:55,5/12/2016 10:22,17.79200,-64.61590,
BUIS_13,VR2W-120111,11/2/2015 15:57,12/21/2015 10:07,17.78352,-64.61468,
BUIS_13,VR2W-107320,12/21/2015 10:20,5/11/2016 15:25,17.78352,-64.61468,
BUIS_14,VR2W-104621,11/5/2015 16:14,5/11/2016 15:03,17.78485,-64.61161,
BUIS_15,VR2W-108300,10/26/2015 11:24,5/26/2016 12:22,17.78778,-64.60996,
BUIS_16,VR2W-110206,11/12/2015 12:05,5/12/2016 12:48,17.77853,-64.60758,
BUIS_17,VR2W-110208,11/5/2015 9:41,5/18/2016 14:21,17.79400,-64.60480,
BUIS_18,VR2W-110039,11/2/2015 13:37,12/21/2015 11:56,17.78254,-64.62299,
BUIS_18,VR2W-106776,12/21/2015 12:02,5/11/2016 11:59,17.78254,-64.62299,
BUIS_19,VR2W-108249,10/26/2015 11:35,5/26/2016 12:04,17.78994,-64.61571,
BUIS_20,VR2W-120967,11/3/2015 11:12,5/6/2016 12:38,17.80537,-64.63568,
BUIS_21,VR2W-107868,11/5/2015 14:52,5/10/2016 9:47,17.79442,-64.64261,
BUIS_22,VR2W-127009,11/6/2015 14:08,5/10/2016 9:44,17.78970,-64.64665,
BUIS_23,VR2W-115504,11/5/2015 10:52,5/9/2016 11:54,17.78490,-64.65096,
BUIS_24,VR2W-115500,11/4/2015 15:18,5/9/2016 10:48,17.79290,-64.63997,
BUIS_25,VR2W-114122,11/5/2015 12:02,5/9/2016 12:30,17.78337,-64.64498,
BUIS_26,VR2W-104938,11/4/2015 11:45,5/9/2016 16:02,17.78245,-64.63773,
BUIS_27,VR2W-104620,10/26/2015 14:23,5/9/2016 11:04,17.78686,-64.63492,
BUIS_28,VR2W-107778,10/26/2015 12:24,5/26/2016 15:12,17.78951,-64.63139,
BUIS_29,VR2W-103821,11/4/2015 15:40,5/12/2016 9:49,17.80089,-64.62901,
BUIS_30,VR2W-127007,11/4/2015 14:02,5/10/2016 11:19,17.79609,-64.62391,
BUIS_31,VR2W-115498,11/5/2015 10:15,5/13/2016 10:45,17.79300,-64.62905,
BUIS_32,VR2W-107436,10/26/2015 12:01,5/26/2016 11:33,17.79075,-64.62730,
BUIS_33,VR2W-107762,10/26/2015 12:36,5/26/2016 14:59,17.78783,-64.62873,
BUIS_34,VR2W-103711,11/3/2015 16:34,5/9/2016 14:51,17.77822,-64.63167,
BUIS_35,VR2W-101118,10/26/2015 12:49,5/26/2016 14:44,17.78454,-64.62530,
BUIS_36,VR2W-108270,10/26/2015 11:14,5/26/2016 14:04,17.78555,-64.61410,
BUIS_37,VR2W-101222,11/3/2015 14:11,5/11/2016 10:11,17.77585,-64.61475,
BUIS_38,VR2W-120105,11/4/2015 11:16,12/21/2015 11:04,17.77951,-64.61807,
BUIS_38,VR2W-110204,12/21/2015 11:12,5/11/2016 11:01,17.77951,-64.61807,
BUIS_39,VR2W-124580,11/3/2015 14:44,5/11/2016 14:19,17.78141,-64.60261,
BUIS_40,VR2W-107873,11/5/2015 15:11,5/10/2016 10:07,17.79670,-64.63983,
BUIS_41,VR2W-115503,10/26/2015 14:40,5/9/2016 11:21,17.78724,-64.63976,
BUIS_42,VR2W-120107,11/4/2015 10:57,12/21/2015 9:45,17.78282,-64.60882,
BUIS_42,VR2W-110207,12/21/2015 9:56,5/11/2016 14:40,17.78282,-64.60882,
BUIS_43,VR2W-107857,11/3/2015 15:14,5/11/2016 9:48,17.77423,-64.60254,
BUIS_44,VR2W-122686,11/2/2015 13:59,12/21/2015 11:38,17.78125,-64.62357,
BUIS_44,VR2W-107855,12/21/2015 11:47,5/10/2016 14:42,17.78125,-64.62357,
BUIS_45,VR2W-120109,11/2/2015 14:22,12/21/2015 11:22,17.77962,-64.62423,
BUIS_45,VR2W-106781,12/21/2015 11:30,5/10/2016 14:23,17.77962,-64.62423,
BUIS_46,VR2W-110202,11/12/2015 12:30,5/10/2016 14:04,17.77813,-64.62523,
BUIS_47,VR2W-108146,11/5/2015 11:48,5/9/2016 15:12,17.78033,-64.64191,
BUIS_48,VR2W-107865,10/27/2015 15:56,5/9/2016 11:40,17.78682,-64.64481,
BUIS_49,VR2W-110205,11/12/2015 11:40,5/12/2016 13:07,17.78058,-64.61318,
BUIS_50,VR2W-102914,11/4/2015 13:28,5/10/2016 12:03,17.79328,-64.62435,
BUIS_51,VR2W-120272,11/4/2015 13:44,5/10/2016 11:47,17.79450,-64.62527,
BUIS_52,VR2W-120273,11/4/2015 14:24,5/10/2016 11:02,17.79881,-64.62295,
BUIS_53,VR2W-107864,10/30/2015 9:45,5/6/2016 12:03,17.80672,-64.63931,
BUIS_54,VR2W-102917,10/30/2015 11:05,5/6/2016 11:15,17.81171,-64.63815,
BUIS_55,VR2W-107863,10/30/2015 10:14,5/6/2016 10:49,17.81245,-64.63305,
BUIS_56,VR2W-119925,10/30/2015 11:41,5/6/2016 10:02,17.80951,-64.62175,
BUIS_57,VR2W-124588,10/30/2015 13:19,5/6/2016 9:34,17.80878,-64.61457,
BUIS_58,VR2W-124584,10/30/2015 12:29,5/6/2016 9:13,17.80635,-64.60589,
BUIS_59,VR2W-107880,10/29/2015 9:56,5/5/2016 10:50,17.80514,-64.59657,
BUIS_60,VR2W-115502,10/29/2015 10:55,5/5/2016 11:21,17.80187,-64.58978,
BUIS_61,VR2W-107856,10/28/2015 11:16,5/5/2016 12:15,17.79937,-64.58104,
BUIS_62,VR2W-114125,10/28/2015 12:28,5/5/2016 13:11,17.79811,-64.57077,
BUIS_63,VR2W-103210,10/27/2015 13:33,5/4/2016 10:01,17.80136,-64.56660,
BUIS_64,VR2W-124583,10/29/2015 14:17,5/5/2016 14:58,17.79499,-64.57278,
BUIS_65,VR2W-124581,10/30/2015 14:22,5/5/2016 14:40,17.79225,-64.57482,
BUIS_66,VR2W-107876,10/28/2015 11:48,5/5/2016 12:42,17.79826,-64.57601,
BUIS_67,VR2W-107872,10/29/2015 13:40,5/4/2016 12:41,17.79557,-64.57764,
BUIS_68,VR2W-107869,10/29/2015 14:57,5/5/2016 15:05,17.79245,-64.57911,
BUIS_69,VR2W-107859,10/29/2015 13:07,5/4/2016 12:15,17.79641,-64.58268,
BUIS_70,VR2W-107871,10/28/2015 10:43,5/5/2016 9:58,17.80299,-64.58283,
BUIS_71,VR2W-107879,10/29/2015 11:34,5/5/2016 11:50,17.80052,-64.58529,
BUIS_72,VR2W-124582,10/29/2015 12:37,5/4/2016 11:43,17.79730,-64.58636,
BUIS_73,VR2W-107877,10/29/2015 12:12,5/5/2016 15:35,17.79895,-64.59072,
BUIS_74,VR2W-102916,10/29/2015 10:21,5/5/2016 10:25,17.80239,-64.59352,
BUIS_75,VR2W-107870,10/28/2015 10:15,5/4/2016 11:07,17.80199,-64.57876,
BUIS_76,VR2W-108147,11/3/2015 11:43,5/6/2016 12:58,17.80273,-64.63946,
BUIS_77,VR2W-124589,11/3/2015 10:44,5/6/2016 11:47,17.80901,-64.63531,
BUIS_78,VR2W-102800,11/3/2015 12:14,5/6/2016 10:29,17.80594,-64.62159,
EEMP_01,VR2W-107867,10/28/2015 13:12,5/5/2016 13:36,17.79759,-64.56723,
EEMP_02,VR2W-104619,10/28/2015 13:42,5/4/2016 13:45,17.79497,-64.56921,
EEMP_03,VR2W-108145,11/4/2015 10:19,5/4/2016 14:21,17.79215,-64.57111,
LANG_01,VR2W-103710,10/27/2015 12:22,5/3/2016 14:34,17.80652,-64.54310,
LANG_02,VR2W-114123,10/27/2015 12:53,5/3/2016 14:07,17.80217,-64.54083,
LANG_03,VR2W-104088,10/27/2015 11:09,5/3/2016 13:13,17.82495,-64.50996,
LANG_04,VR2W-115499,10/27/2015 11:42,5/3/2016 12:50,17.81992,-64.50908,
LANG_05,VR2W-104623,10/27/2015 10:34,5/3/2016 12:17,17.83172,-64.48045,
REFT_01,16295/1196899,1/26/2016 13:00,5/9/2016 15:45,17.78958,-64.64411,
REFT_02,16294/1196898,1/26/2016 13:30,5/12/2016 10:28,17.79186,-64.64084,
REFT_03,16293/1196897,1/26/2016 14:00,5/11/2016 10:50,17.79064,-64.64222,
AVPS_01,VR2W-126534,5/12/2016 12:59,11/1/2016 12:59,17.79222,-64.64188,
AVPS_02,VR2W-126520,5/13/2016 13:20,11/1/2016 11:27,17.79151,-64.64126,
AVPS_03,VR2W-126536,5/11/2016 14:52,11/2/2016 10:51,17.79092,-64.64066,
AVPS_04,VR2W-126535,5/12/2016 13:10,11/1/2016 13:15,17.79206,-64.64283,
AVPS_05,VR2Tx-480302,5/9/2016 14:55,11/1/2016 11:42,17.79132,-64.64217,
AVPS_06,VR2W-126519,5/11/2016 14:58,11/2/2016 10:40,17.79074,-64.64156,
AVPS_07,VR2W-126523,5/11/2016 14:43,11/2/2016 11:02,17.79009,-64.64101,
AVPS_08,VR2W-126518,5/11/2016 15:38,11/1/2016 11:58,17.79124,-64.64308,
AVPS_09,VR2W-127993,5/11/2016 15:08,11/2/2016 10:19,17.79048,-64.64248,
AVPS_10,VR2W-126522,5/10/2016 14:48,11/2/2016 11:13,17.78981,-64.64189,
AVPS_11,VR2W-126524,5/11/2016 15:50,11/1/2016 13:31,17.79103,-64.64405,
AVPS_12,VR2W-126527,5/11/2016 15:24,11/2/2016 10:03,17.79035,-64.64339,
AVPS_13,VR2W-126533,5/9/2016 15:40,11/2/2016 12:36,17.78893,-64.64559,
AVPS_14,VR2W-126529,5/10/2016 15:18,11/2/2016 12:59,17.78904,-64.64229,
AVPS_15,VR2W-126530,5/9/2016 15:06,11/1/2016 13:49,17.79011,-64.64449,
AVPS_16,VR2W-127008,5/10/2016 15:04,11/2/2016 12:09,17.78954,-64.64381,
AVPS_17,VR2W-103213,5/10/2016 15:26,11/2/2016 13:13,17.78891,-64.64318,
AVPS_18,VR2W-126531,5/9/2016 15:15,11/2/2016 13:42,17.78997,-64.64529,
AVPS_19,VR2W-114124,5/9/2016 15:29,11/2/2016 12:23,17.78934,-64.64475,
AVPS_20,VR2W-126517,5/10/2016 15:36,11/2/2016 13:27,17.78862,-64.64400,
AVPS_21,VR2W-126528,5/13/2016 13:11,11/1/2016 11:00,17.79176,-64.64003,
AVPS_22,VR2W-126526,5/12/2016 12:52,11/1/2016 10:40,17.79227,-64.64059,
AVPS_23,VR2W-126532,5/13/2016 13:02,11/1/2016 10:28,17.79292,-64.64117,
AVPS_24,VR2W-126525,5/12/2016 12:45,11/1/2016 10:50,17.79221,-64.63938,
AVPS_25,VR2W-126521,5/13/2016 12:55,11/1/2016 10:11,17.79349,-64.64058,
BUIS_01,VR2W-124585,5/10/2016 14:55,11/3/2016 11:05,17.78976,-64.64280,
BUIS_02,VR2W-108418,5/10/2016 10:35,11/3/2016 10:16,17.79901,-64.63578,
BUIS_03,VR2W-104022,5/26/2016 11:17,11/4/2016 11:58,17.79241,-64.63223,
BUIS_04,VR2W-120273,5/10/2016 13:50,11/2/2016 13:38,17.78382,-64.63187,
BUIS_05,VR2W-107855,5/11/2016 10:47,11/3/2016 13:58,17.77655,-64.62219,
BUIS_06,VR2W-102913,5/26/2016 11:54,11/3/2016 10:56,17.79064,-64.62226,
BUIS_07,VR2W-101220,5/26/2016 10:49,11/1/2016 13:57,17.80190,-64.62100,
BUIS_08,VR2W-108423,5/11/2016 11:50,10/16/2016 10:53,17.78226,-64.61987,
BUIS_09,VR2W-108249,5/26/2016 14:32,11/3/2016 10:13,17.78395,-64.61938,
BUIS_10,VR2W-108417,5/11/2016 11:28,10/16/2016 11:19,17.78246,-64.61790,
BUIS_11,VR2W-101213,5/26/2016 14:21,11/3/2016 10:22,17.78422,-64.61740,
BUIS_12,VR2W-124586,5/12/2016 10:36,10/20/2016 14:14,17.79200,-64.61590,
BUIS_13,VR2W-103707,5/11/2016 15:36,10/16/2016 10:30,17.78352,-64.61468,
BUIS_13,VR2W-107863,10/16/2016 10:42,11/8/2016 11:39,17.78352,-64.61468,
BUIS_14,VR2W-106776,5/11/2016 15:15,10/16/2016 10:06,17.78485,-64.61161,
BUIS_14,VR2W-103972,10/16/2016 10:18,11/8/2016 11:56,17.78485,-64.61161,
BUIS_15,VR2W-103059,5/26/2016 12:29,11/3/2016 10:39,17.78778,-64.60996,
BUIS_16,VR2W-124580,5/12/2016 12:58,11/4/2016 10:31,17.77853,-64.60758,
BUIS_17,VR2W-104024,5/26/2016 10:26,11/1/2016 13:23,17.79400,-64.60480,
BUIS_18,VR2W-108442,5/11/2016 12:09,10/16/2016 11:45,17.78254,-64.62299,
BUIS_19,VR2W-110210,5/26/2016 12:10,11/3/2016 10:47,17.78994,-64.61571,
BUIS_20,VR2W-108416,5/6/2016 12:47,10/31/2016 12:45,17.80537,-64.63568,
BUIS_21,VR2W-108146,5/10/2016 9:59,11/1/2016 14:43,17.79442,-64.64261,
BUIS_22,VR2W-127009,5/10/2016 15:48,11/3/2016 11:25,17.78970,-64.64665,
BUIS_23,VR2W-108147,5/9/2016 12:06,11/2/2016 10:07,17.78490,-64.65096,
BUIS_24,VR2W-119925,5/9/2016 10:53,11/3/2016 10:48,17.79290,-64.63997,
BUIS_25,VR2W-102800,5/9/2016 12:37,11/2/2016 10:53,17.78337,-64.64498,
BUIS_26,VR2W-103711,5/9/2016 16:11,11/2/2016 11:26,17.78245,-64.63773,
BUIS_27,VR2W-102917,5/9/2016 11:09,11/2/2016 12:06,17.78686,-64.63492,
BUIS_28,VR2W-103053,5/26/2016 15:21,10/31/2016 13:45,17.78951,-64.63139,
BUIS_29,VR2W-107320,5/12/2016 9:54,10/31/2016 13:06,17.80089,-64.62901,
BUIS_30,VR2W-101313,5/10/2016 11:36,10/17/2016 15:04,17.79609,-64.62391,
BUIS_31,VR2W-103821,5/13/2016 10:52,11/4/2016 12:15,17.79300,-64.62905,
BUIS_32,VR2W-113808,5/26/2016 11:40,11/3/2016 11:07,17.79075,-64.62730,
BUIS_33,VR2W-107436,5/26/2016 15:07,11/3/2016 11:16,17.78783,-64.62873,
BUIS_34,VR2W-120967,5/9/2016 15:03,11/2/2016 13:56,17.77822,-64.63167,
BUIS_35,VR2W-108272,5/26/2016 14:51,10/16/2016 12:20,17.78454,-64.62530,
BUIS_36,VR2W-108300,5/26/2016 14:09,11/3/2016 10:30,17.78555,-64.61410,
BUIS_37,VR2W-106782,5/11/2016 10:21,11/2/2016 15:04,17.77585,-64.61475,
BUIS_38,VR2W-102194,5/11/2016 11:11,11/2/2016 14:47,17.77951,-64.61807,
BUIS_39,VR2W-110204,5/11/2016 14:30,11/4/2016 10:04,17.78141,-64.60261,
BUIS_40,VR2W-114501,5/10/2016 10:17,11/1/2016 14:24,17.79670,-64.63983,
BUIS_41,VR2W-102193,5/9/2016 11:27,11/2/2016 11:49,17.78724,-64.63976,
BUIS_42,VR2W-105676,5/11/2016 14:51,11/4/2016 10:46,17.78282,-64.60882,
BUIS_43,VR2W-106781,5/11/2016 10:00,11/4/2016 10:18,17.77423,-64.60254,
BUIS_44,VR2W-127007,5/10/2016 14:53,10/16/2016 12:01,17.78125,-64.62357,
BUIS_45,VR2W-120272,5/10/2016 14:34,11/2/2016 14:15,17.77962,-64.62423,
BUIS_46,VR2W-102914,5/10/2016 14:16,11/2/2016 14:30,17.77813,-64.62523,
BUIS_47,VR2W-108443,5/9/2016 15:22,11/2/2016 11:08,17.78033,-64.64191,
BUIS_48,VR2W-124589,5/9/2016 11:46,11/2/2016 10:30,17.78677,-64.64474,
BUIS_49,VR2W-110207,5/12/2016 13:17,11/4/2016 11:17,17.78058,-64.61318,
BUIS_50,VR2W-105333,5/10/2016 12:13,10/17/2016 14:26,17.79328,-64.62435,
BUIS_51,VR2W-108421,5/10/2016 11:55,10/17/2016 14:47,17.79450,-64.62527,
BUIS_52,VR2W-104938,5/10/2016 11:11,10/17/2016 15:26,17.79881,-64.62295,
BUIS_53,VR2W-107319,5/6/2016 12:26,10/31/2016 10:59,17.80672,-64.63931,
BUIS_54,VR2W-124588,5/6/2016 11:34,11/1/2016 10:00,17.81171,-64.63815,
BUIS_55,VR2W-124584,5/6/2016 11:04,11/1/2016 10:23,17.81245,-64.63305,
BUIS_56,VR2W-108419,5/6/2016 10:16,11/1/2016 10:51,17.80951,-64.62175,
BUIS_57,VR2W-114097,5/6/2016 9:50,11/1/2016 11:26,17.80878,-64.61457,
BUIS_58,VR2W-107874,5/6/2016 9:25,11/1/2016 11:55,17.80635,-64.60589,
BUIS_59,VR2W-128178,5/5/2016 11:07,11/1/2016 12:51,17.80514,-64.59657,
BUIS_60,VR2W-124582,5/5/2016 11:53,10/20/2016 12:36,17.80187,-64.58978,
BUIS_61,VR2W-128874,5/5/2016 12:29,10/29/2016 12:33,17.79937,-64.58104,
BUIS_62,VR2W-108145,5/5/2016 13:24,10/18/2016 11:14,17.79811,-64.57077,
BUIS_63,VR2W-104088,5/4/2016 10:24,10/18/2016 10:44,17.80136,-64.56660,
BUIS_64,VR2W-129274,5/5/2016 14:16,10/24/2016 12:11,17.79499,-64.57278,
BUIS_65,VR2W-102916,5/5/2016 14:54,10/24/2016 12:45,17.79225,-64.57482,
BUIS_65,VR2W-124581,10/24/2016 13:02,10/29/2016 14:05,17.79225,-64.57482,
BUIS_66,VR2W-129273,5/5/2016 12:55,10/24/2016 10:59,17.79826,-64.57601,
BUIS_67,VR2W-128870,5/4/2016 12:58,10/24/2016 11:42,17.79557,-64.57764,
BUIS_68,VR2W-124583,5/5/2016 15:16,10/24/2016 13:18,17.79245,-64.57911,
BUIS_68,VR2W-128867,10/24/2016 13:35,10/29/2016 13:43,17.79245,-64.57911,
BUIS_69,VR2W-125862,5/4/2016 12:28,10/24/2016 13:55,17.79641,-64.58268,
BUIS_70,VR2W-104619,5/5/2016 10:10,10/20/2016 11:38,17.80299,-64.58283,
BUIS_71,VR2W-129272,5/5/2016 12:04,10/20/2016 12:09,17.80052,-64.58529,
BUIS_72,VR2W-128872,5/4/2016 12:00,10/29/2016 13:02,17.79730,-64.58636,
BUIS_73,VR2W-124581,5/5/2016 15:55,10/20/2016 13:44,17.79895,-64.59072,
BUIS_74,VR2W-128867,5/5/2016 10:38,10/20/2016 13:07,17.80239,-64.59352,
BUIS_75,VR2W-103710,5/4/2016 11:22,10/18/2016 10:09,17.80199,-64.57876,
BUIS_76,VR2W-110209,5/6/2016 13:15,10/31/2016 11:24,17.80273,-64.63946,
BUIS_77,VR2W-107858,5/6/2016 11:59,10/31/2016 12:21,17.80901,-64.63531,
BUIS_78,VR2W-108420,5/6/2016 10:38,10/31/2016 10:35,17.80594,-64.62159,
EEMP_01,VR2W-129275,5/5/2016 13:50,10/18/2016 11:42,17.79759,-64.56723,
EEMP_02,VR2W-128177,5/4/2016 14:09,10/18/2016 12:19,17.79497,-64.56921,
EEMP_03,VR2W-104623,5/4/2016 14:35,10/18/2016 12:57,17.79215,-64.57111,
EEMP_03,VR2W-106780,10/18/2016 13:10,10/29/2016 14:28,17.79215,-64.57111,
LANG_01,VR2W-128873,5/3/2016 14:51,10/17/2016 12:12,17.80652,-64.54310,
LANG_02,VR2W-106780,5/3/2016 14:19,10/17/2016 12:42,17.80217,-64.54083,
LANG_02,VR2W-103707,10/17/2016 12:52,10/29/2016 8:50,17.80217,-64.54083,
LANG_03,VR2W-128869,5/3/2016 13:25,10/17/2016 11:05,17.82495,-64.50996,
LANG_04,VR2W-128871,5/3/2016 13:03,10/17/2016 11:34,17.81992,-64.50908,
LANG_05,VR2W-104622,5/3/2016 12:32,10/17/2016 10:27,17.83172,-64.48045,
REFT_01,see sync tag,5/9/2016 15:55,11/1/2016 14:00,17.78958,-64.64411,
REFT_02,see sync tag,5/12/2016 10:38,11/1/2016 11:16,17.79186,-64.64084,
REFT_03,see sync tag,5/11/2016 10:58,11/2/2016 10:30,17.79064,-64.64222,
REFT_04,see sync tag,5/27/2016 10:40,10/24/2016 11:24,17.79723,-64.57601,
REFT_05,see sync tag,5/27/2016 11:02,10/31/2016 10:06,17.80191,-64.58289,
REFT_06,see sync tag,5/27/2016 11:34,10/31/2016 12:06,17.80790,-64.63528,
REFT_07,see sync tag,5/27/2016 11:53,10/31/2016 11:45,17.80568,-64.63917,
BUIS_01,VR2W-120272,11/3/2016 11:16,5/3/2017 11:26,17.78976,-64.64280,
BUIS_02,VR2W-120273,11/3/2016 10:33,5/8/2017 15:09,17.79901,-64.63578,
BUIS_03,VR2W-110207,11/4/2016 12:16,5/16/2017 11:50,17.79241,-64.63223,
BUIS_04,VR2W-108443,11/2/2016 13:44,5/8/2017 13:19,17.78382,-64.63187,
BUIS_05,VR2W-124585,11/3/2016 14:13,5/8/2017 12:14,17.77655,-64.62219,
BUIS_06,VR2W-110210,11/3/2016 14:11,5/16/2017 11:17,17.79064,-64.62226,
BUIS_08,VR2W-107778,10/16/2016 11:06,12/19/2016 11:57,17.78226,-64.61987,
BUIS_08,VR2W-115502,12/19/2016 12:08,5/16/2017 13:43,17.78226,-64.61987,
BUIS_09,VR2W-119925,11/3/2016 14:55,5/16/2017 14:14,17.78395,-64.61938,
BUIS_10,VR2W-108301,10/16/2016 11:30,12/19/2016 12:18,17.78246,-64.61790,
BUIS_10,VR2W-110206,12/19/2016 12:30,5/16/2017 13:59,17.78246,-64.61790,
BUIS_11,VR2W-102913,11/3/2016 14:47,5/16/2017 9:52,17.78422,-64.61740,
BUIS_12,VR2W-103710,10/20/2016 14:36,5/17/2017 13:41,17.79200,-64.61590,
BUIS_13,VR2Tx-480302,11/8/2016 11:47,5/11/2017 10:46,17.78352,-64.61468,
BUIS_14,VR2W-127008,11/8/2016 12:11,5/11/2017 10:05,17.78485,-64.61161,
BUIS_15,VR2W-101213,11/3/2016 14:33,5/16/2017 10:34,17.78778,-64.60996,
BUIS_16,VR2W-127009,11/4/2016 10:40,5/5/2017 14:36,17.77853,-64.60758,
BUIS_17,VR2W-108419,11/1/2016 13:33,5/15/2017 13:05,17.79400,-64.60480,
BUIS_18,VR2W-108270,10/16/2016 11:54,12/19/2016 12:37,17.78254,-64.62299,
BUIS_18,VR2W-110205,12/19/2016 12:46,5/16/2017 13:30,17.78254,-64.62299,
BUIS_19,VR2W-103059,11/3/2016 14:21,5/16/2017 10:59,17.78994,-64.61571,
BUIS_20,VR2W-128872,10/31/2016 12:56,5/8/2017 15:27,17.80537,-64.63568,
BUIS_21,VR2W-108416,11/1/2016 14:55,5/3/2017 10:24,17.79442,-64.64261,
BUIS_22,VR2W-120967,11/3/2016 11:37,5/8/2017 14:46,17.78970,-64.64665,
BUIS_23,VR2W-104024,11/2/2016 10:17,5/3/2017 10:01,17.78490,-64.65096,
BUIS_24,VR2W-102194,11/3/2016 10:56,5/3/2017 11:10,17.79290,-64.63997,
BUIS_25,VR2W-114097,11/2/2016 10:58,5/3/2017 14:07,17.78337,-64.64498,
BUIS_26,VR2W-128178,11/2/2016 11:35,5/3/2017 13:30,17.78245,-64.63773,
BUIS_27,VR2W-107874,11/2/2016 12:11,5/3/2017 13:09,17.78686,-64.63492,
BUIS_28,VR2W-108272,10/31/2016 13:48,12/19/2016 11:40,17.78951,-64.63139,
BUIS_28,VR2W-114123,12/19/2016 11:46,5/17/2017 13:08,17.78951,-64.63139,
BUIS_29,VR2W-103707,10/31/2016 13:31,5/15/2017 13:57,17.80089,-64.62901,
BUIS_30,VR2W-128873,10/17/2016 15:16,5/15/2017 14:39,17.79609,-64.62391,
BUIS_31,VR2W-105676,11/4/2016 12:21,5/16/2017 11:32,17.79300,-64.62905,
BUIS_32,VR2W-108147,11/3/2016 14:02,5/17/2017 13:23,17.79075,-64.62730,
BUIS_33,VR2W-113808,11/3/2016 13:54,5/16/2017 12:04,17.78783,-64.62873,
BUIS_34,VR2W-102800,11/2/2016 14:07,5/8/2017 11:29,17.77822,-64.63167,
BUIS_35,VR2W-101118,10/16/2016 12:25,12/19/2016 11:13,17.78454,-64.62530,
BUIS_35,VR2W-115503,12/19/2016 11:31,5/17/2017 12:30,17.78454,-64.62530,
BUIS_36,VR2W-108418,11/3/2016 14:39,5/16/2017 10:11,17.78555,-64.61410,
BUIS_37,VR2W-102193,11/2/2016 15:15,5/8/2017 12:54,17.77585,-64.61475,
BUIS_38,VR2W-103711,11/2/2016 14:55,5/8/2017 12:33,17.77951,-64.61807,
BUIS_39,VR2W-102914,11/4/2016 10:11,5/5/2017 14:15,17.78141,-64.60261,
BUIS_40,VR2W-124588,11/1/2016 14:33,5/3/2017 10:48,17.79670,-64.63983,
BUIS_41,VR2W-108146,11/2/2016 11:58,5/8/2017 14:29,17.78724,-64.63976,
BUIS_42,VR2W-107855,11/4/2016 11:00,5/9/2017 10:05,17.78282,-64.60882,
BUIS_43,VR2W-106782,11/4/2016 10:25,5/5/2017 13:54,17.77423,-64.60254,
BUIS_44,VR2W-107762,10/16/2016 12:10,12/19/2016 10:49,17.78125,-64.62357,
BUIS_44,VR2W-115498,12/19/2016 11:03,5/16/2017 9:29,17.78125,-64.62357,
BUIS_45,VR2W-124589,11/2/2016 14:24,5/9/2017 13:59,17.77962,-64.62423,
BUIS_46,VR2W-102917,11/2/2016 14:38,5/8/2017 11:54,17.77813,-64.62523,
BUIS_47,VR2W-101220,11/2/2016 11:16,5/3/2017 13:49,17.78033,-64.64191,
BUIS_48,VR2W-114501,11/2/2016 10:39,5/3/2017 11:53,17.78677,-64.64474,
BUIS_49,VR2W-110204,11/4/2016 11:25,5/9/2017 12:08,17.78058,-64.61318,
BUIS_50,VR2W-128871,10/17/2016 14:34,5/15/2017 15:09,17.79328,-64.62435,
BUIS_51,VR2W-108423,10/17/2016 14:57,5/15/2017 14:55,17.79450,-64.62527,
BUIS_52,VR2W-128869,10/17/2016 15:37,5/15/2017 14:22,17.79881,-64.62295,
BUIS_53,VR2W-128874,10/31/2016 11:14,5/9/2017 10:20,17.80672,-64.63931,
BUIS_54,VR2W-107319,11/1/2016 10:14,5/9/2017 10:44,17.81171,-64.63815,
BUIS_55,VR2W-110209,11/1/2016 10:38,5/9/2017 11:06,17.81245,-64.63305,
BUIS_56,VR2W-103053,11/1/2016 11:07,5/9/2017 12:35,17.80951,-64.62175,
BUIS_57,VR2W-108420,11/1/2016 11:41,5/9/2017 13:02,17.80878,-64.61457,
BUIS_58,VR2W-124584,11/1/2016 12:11,5/10/2017 9:27,17.80635,-64.60589,
BUIS_59,VR2W-107858,11/1/2016 13:06,5/10/2017 9:53,17.80514,-64.59657,
BUIS_60,VR2W-128177,10/20/2016 12:49,5/10/2017 10:39,17.80187,-64.58978,
BUIS_61,VR2W-102916,10/29/2016 12:47,5/15/2017 12:35,17.79937,-64.58104,
BUIS_62,VR2W-104622,10/18/2016 11:23,5/5/2017 11:38,17.79811,-64.57077,
BUIS_63,VR2W-101313,10/18/2016 11:00,5/5/2017 11:13,17.80136,-64.56660,
BUIS_64,VR2W-124586,10/24/2016 12:27,5/5/2017 12:04,17.79499,-64.57278,
BUIS_66,VR2W-129272,10/24/2016 11:17,5/5/2017 13:12,17.79826,-64.57601,
BUIS_67,VR2W-104619,10/24/2016 11:57,5/15/2017 11:08,17.79557,-64.57764,
BUIS_69,VR2W-124582,10/24/2016 14:11,5/10/2017 11:51,17.79641,-64.58268,
BUIS_70,VR2W-104623,10/20/2016 11:54,5/10/2017 12:52,17.80299,-64.58283,
BUIS_71,VR2W-108145,10/20/2016 12:24,5/10/2017 13:37,17.80052,-64.58529,
BUIS_72,VR2W-124583,10/29/2016 13:23,5/10/2017 11:25,17.79730,-64.58636,
BUIS_73,VR2W-129275,10/20/2016 14:00,5/10/2017 11:00,17.79895,-64.59072,
BUIS_74,VR2W-104088,10/20/2016 13:22,5/10/2017 10:17,17.80239,-64.59352,
BUIS_75,VR2W-104938,10/18/2016 10:28,5/10/2017 12:28,17.80199,-64.57876,
BUIS_76,VR2W-106780,10/31/2016 11:36,5/9/2017 9:40,17.80273,-64.63946,
BUIS_77,VR2W-128867,10/31/2016 12:37,5/9/2017 11:32,17.80901,-64.63531,
BUIS_78,VR2W-124581,10/31/2016 10:45,5/9/2017 12:15,17.80594,-64.62159,
EEMP_01,VR2W-108421,10/18/2016 12:04,5/15/2017 11:38,17.79759,-64.56723,
EEMP_02,VR2W-105333,10/18/2016 12:44,5/12/2017 14:32,17.79497,-64.56921,
LANG_01,VR2W-108417,10/17/2016 12:28,5/12/2017 14:05,17.80652,-64.54310,
LANG_03,VR2W-106776,10/17/2016 11:22,5/12/2017 13:17,17.82495,-64.50996,
LANG_04,VR2W-108442,10/17/2016 11:46,5/12/2017 13:39,17.81992,-64.50908,
LANG_05,VR2W-127007,10/17/2016 10:43,5/12/2017 12:50,17.83172,-64.48045,
LUVI_27,VR2W-129666,11/8/2016 12:45,5/8/2017 12:48,17.77677,-64.61621,
LUVI_28,VR2W-129671,11/8/2016 13:02,5/8/2017 13:27,17.77953,-64.61620,
LUVI_29,VR2W-129672,11/8/2016 12:33,5/8/2017 12:16,17.77583,-64.61244,
LUVI_30,VR2W-129668,11/8/2016 12:24,5/8/2017 12:01,17.77556,-64.61069,
LUVI_31,VR2W-129670,11/8/2016 12:14,5/10/2017 10:16,17.77924,-64.61005,
LUVI_32,VR2W-127380,11/8/2016 11:57,5/10/2017 10:07,17.78021,-64.60757,
LUVI_33,VR2W-129664,11/8/2016 11:41,5/8/2017 11:44,17.77649,-64.60607,
LUVI_34,VR2W-129682,11/8/2016 13:20,5/8/2017 13:08,17.77921,-64.61434,
LUVI_37,VR2W-129678,11/8/2016 14:24,5/10/2017 9:45,17.78203,-64.60854,
LUVI_38,VR2W-129663,11/8/2016 14:10,5/10/2017 9:29,17.78211,-64.60756,
LUVI_39,VR2W-129669,11/8/2016 13:59,5/9/2017 9:47,17.78295,-64.60792,
LVPS_01,VR2W-127993,11/9/2016 11:23,5/11/2017 10:35,17.78380,-64.61401,
LVPS_02,VR2W-126518,11/9/2016 11:39,5/11/2017 10:28,17.78417,-64.61315,
LVPS_03,VR2W-126531,11/9/2016 12:57,5/11/2017 10:14,17.78439,-64.61238,
LVPS_04,VR2W-126522,11/9/2016 13:17,5/11/2017 9:53,17.78524,-64.61083,
LVPS_05,VR2W-126519,11/9/2016 13:38,5/11/2017 10:57,17.78292,-64.61399,
LVPS_06,VR2W-126527,11/9/2016 12:33,5/11/2017 11:08,17.78322,-64.61320,
LVPS_07,VR2W-126536,11/9/2016 12:17,5/11/2017 11:27,17.78338,-64.61241,
LVPS_08,VR2W-126524,11/9/2016 11:58,5/12/2017 9:49,17.78389,-64.61155,
LVPS_09,VR2W-126517,11/9/2016 14:01,5/12/2017 9:36,17.78430,-64.61089,
LVPS_10,VR2W-126533,11/9/2016 14:22,5/11/2017 11:24,17.78234,-64.61335,
LVPS_11,VR2W-126528,11/10/2016 13:35,5/12/2017 10:34,17.78260,-64.61253,
LVPS_12,VR2W-126521,11/10/2016 13:16,5/12/2017 10:18,17.78299,-64.61159,
LVPS_13,VR2W-114124,11/10/2016 12:52,5/12/2017 10:07,17.78342,-64.61071,
LVPS_14,VR2W-126525,11/10/2016 12:31,5/11/2017 10:48,17.78144,-64.61348,
LVPS_15,VR2W-124580,11/10/2016 12:11,5/11/2017 10:35,17.78157,-64.61264,
LVPS_16,VR2W-126532,11/9/2016 14:40,5/11/2017 10:20,17.78206,-64.61168,
LVPS_17,VR2W-104022,11/10/2016 11:44,5/11/2017 10:07,17.78255,-64.61082,
LVPS_18,VR2W-126530,11/10/2016 11:23,5/11/2017 9:54,17.78296,-64.60995,
LVPS_19,VR2W-126526,11/8/2016 13:23,5/9/2017 11:55,17.78078,-64.61222,
LVPS_20,VR2W-126534,11/8/2016 13:56,5/9/2017 11:23,17.78153,-64.61101,
LVPS_21,VR2W-103213,11/8/2016 14:34,5/9/2017 10:43,17.78178,-64.61022,
LVPS_22,VR2W-126520,11/8/2016 14:58,5/9/2017 10:21,17.78221,-64.60949,
LVPS_23,VR2W-126529,11/8/2016 15:20,5/11/2017 11:05,17.77985,-64.61260,
LVPS_24,VR2W-126523,11/8/2016 16:24,5/10/2017 10:27,17.77982,-64.61161,
LVPS_25,VR2W-126535,11/8/2016 15:41,5/9/2017 11:43,17.78079,-64.61132,
REFT_04,see sync tag,10/24/2016 11:24,5/10/2017 12:19,17.79723,-64.57601,
REFT_05,see sync tag,10/31/2016 10:06,5/10/2017 13:24,17.80191,-64.58289,
REFT_06,see sync tag,10/31/2016 12:06,5/9/2017 11:58,17.80790,-64.63528,
REFT_07,see sync tag,10/31/2016 11:45,5/9/2017 10:08,17.80568,-64.63917,
RNEM_02,VR2W-128870,10/29/2016 10:44,5/12/2017 11:37,17.82641,-64.45465,
RNEM_09,VR2W-129274,10/29/2016 11:50,5/12/2017 12:22,17.82842,-64.46169,
RNEM_45,VR2W-125862,10/29/2016 10:00,5/12/2017 10:37,17.82544,-64.45217,
RNEM_46,VR2W-129273,10/29/2016 11:15,5/12/2017 12:01,17.82769,-64.45828,
UVEE_80,VR2W-129680,10/13/2016 17:05,5/15/2017 11:39,17.76213,-64.61684,
UVEE_82,VR2W-129677,10/13/2016 16:56,5/15/2017 11:28,17.76350,-64.61683,
UVEE_85,VR2W-129674,10/13/2016 15:29,5/17/2017 9:37,17.76791,-64.63307,
UVEE_86,VR2W-129689,10/13/2016 15:12,5/15/2017 13:12,17.76779,-64.63040,
UVEE_87,VR2W-129691,10/13/2016 15:00,5/15/2017 12:58,17.76681,-64.62786,
UVEE_88,VR2W-129679,10/13/2016 14:42,5/17/2017 10:09,17.76627,-64.62516,
UVEE_89,VR2W-129690,10/13/2016 14:30,5/17/2017 9:56,17.76630,-64.62244,
UVEE_90,VR2W-129683,10/13/2016 14:05,5/16/2017 11:31,17.76610,-64.61963,
UVEE_91,VR2W-129686,10/13/2016 13:59,5/16/2017 11:12,17.76593,-64.61701,
UVEE_92,VR2W-129688,10/13/2016 13:13,5/16/2017 10:55,17.76537,-64.61468,
UVEE_93,VR2W-129684,10/13/2016 12:34,5/16/2017 10:37,17.76502,-64.61206,
UVEE_94,VR2W-129685,10/13/2016 12:02,5/16/2017 10:19,17.76457,-64.60955,
UVEE_95,VR2W-129687,10/13/2016 11:21,5/16/2017 10:01,17.76458,-64.60669,
UVEE_96,VR2W-129675,11/9/2016 14:01,5/16/2017 9:41,17.76460,-64.60523,
UVEE_97,VR2W-129676,11/10/2016 15:55,5/15/2017 10:51,17.76258,-64.61189,
UVEE_98,VR2W-129673,11/11/2016 16:00,5/15/2017 11:09,17.76141,-64.61190,
BUIS_01,VR2W-104620,5/3/2017 11:35,11/13/2017 15:27,17.78976,-64.64280,
BUIS_02,VR2W-120272,5/8/2017 15:18,11/9/2017 15:20,17.79901,-64.63578,
BUIS_03,VR2W-108417,5/16/2017 11:56,11/13/2017 14:03,17.79241,-64.63223,
BUIS_04,VR2W-102914,5/8/2017 13:25,11/17/2017 10:11,17.78382,-64.63187,
BUIS_05,VR2W-124586,5/8/2017 12:24,11/14/2017 13:12,17.77655,-64.62219,
BUIS_06,VR2W-103707,5/16/2017 11:21,5/1/2019 0:00,17.79064,-64.62226,
BUIS_08,VR2W-113808,5/16/2017 13:52,11/17/2017 10:26,17.78226,-64.61987,
BUIS_09,VR2W-108418,5/16/2017 14:17,11/14/2017 13:36,17.78395,-64.61938,
BUIS_10,VR2W-102913,5/16/2017 14:08,11/17/2017 10:43,17.78246,-64.61790,
BUIS_100,VR2W-132039,7/31/2017 12:01,11/13/2017 11:31,17.77195,-64.63293,
BUIS_101,VR2W-132040,7/31/2017 11:32,11/13/2017 11:10,17.77251,-64.61890,
BUIS_102,VR2W-132041,7/31/2017 11:10,11/13/2017 10:49,17.76889,-64.61424,
BUIS_103,VR2W-132042,7/31/2017 10:47,11/13/2017 10:26,17.76857,-64.60404,
BUIS_11,VR2W-128873,5/16/2017 9:59,11/14/2017 13:45,17.78422,-64.61740,
BUIS_12,VR2W-101213,5/17/2017 13:52,11/17/2017 12:33,17.79200,-64.61590,
BUIS_13,VR2Tx-480302,5/11/2017 15:25,11/8/2017 11:43,17.78352,-64.61468,
BUIS_14,VR2W-127008,5/11/2017 14:50,11/8/2017 13:10,17.78485,-64.61161,
BUIS_15,VR2W-104619,5/16/2017 10:40,11/17/2017 11:02,17.78778,-64.60996,
BUIS_16,VR2W-114501,5/5/2017 14:47,11/8/2017 13:50,17.77853,-64.60758,
BUIS_17,VR2W-108442,5/15/2017 13:23,9/4/2017 14:17,17.79400,-64.60480,
BUIS_18,VR2W-105676,5/16/2017 13:36,11/14/2017 12:40,17.78254,-64.62299,
BUIS_19,VR2W-108419,5/16/2017 11:04,11/14/2017 14:11,17.78994,-64.61571,
BUIS_21,VR2W-114122,5/3/2017 10:37,11/10/2017 15:00,17.79442,-64.64261,
BUIS_22,VR2W-107874,5/8/2017 14:56,11/15/2017 12:23,17.78970,-64.64665,
BUIS_23,VR2W-115501,5/3/2017 10:12,11/7/2017 14:41,17.78490,-64.65096,
BUIS_24,VR2W-115500,5/3/2017 11:15,11/10/2017 15:27,17.79290,-64.63997,
BUIS_25,VR2W-102917,11/7/2017 14:31,11/15/2017 12:45,17.78337,-64.64498,
BUIS_25,VR2W-110211,5/3/2017 14:16,11/7/2017 14:24,17.78337,-64.64498,
BUIS_26,VR2W-115504,5/3/2017 13:40,11/13/2017 12:05,17.78245,-64.63773,
BUIS_27,VR2W-110202,5/3/2017 13:17,11/13/2017 12:25,17.78686,-64.63492,
BUIS_28,VR2W-110210,5/17/2017 13:13,11/13/2017 13:44,17.78951,-64.63139,
BUIS_29,VR2W-129274,5/15/2017 14:06,9/4/2017 13:50,17.80089,-64.62901,
BUIS_30,VR2W-129273,5/15/2017 14:48,11/9/2017 14:33,17.79609,-64.62391,
BUIS_31,VR2W-108421,5/16/2017 11:39,11/13/2017 14:26,17.79300,-64.62905,
BUIS_32,VR2W-110207,5/17/2017 13:28,11/13/2017 14:42,17.79075,-64.62730,
BUIS_33,VR2W-108423,5/16/2017 12:07,11/13/2017 13:30,17.78783,-64.62873,
BUIS_34,VR2W-104622,5/8/2017 11:41,11/8/2017 14:32,17.77822,-64.63167,
BUIS_35,VR2W-103059,5/17/2017 12:34,11/14/2017 12:52,17.78454,-64.62530,
BUIS_36,VR2W-128871,5/16/2017 10:17,11/14/2017 13:56,17.78555,-64.61410,
BUIS_37,VR2W-101313,5/8/2017 13:07,11/7/2017 13:21,17.77585,-64.61475,
BUIS_38,VR2W-106782,5/8/2017 12:44,11/14/2017 12:02,17.77951,-64.61807,
BUIS_39,VR2W-128178,5/5/2017 14:26,11/7/2017 12:59,17.78141,-64.60261,
BUIS_40,VR2W-114125,5/3/2017 10:56,11/9/2017 15:36,17.79670,-64.63983,
BUIS_41,VR2W-129272,5/8/2017 14:36,11/13/2017 15:04,17.78724,-64.63976,
BUIS_42,VR2W-107855,5/9/2017 16:15,11/10/2017 10:18,17.78282,-64.60882,
BUIS_43,VR2W-108416,5/5/2017 14:03,11/7/2017 12:36,17.77423,-64.60254,
BUIS_44,VR2W-128869,5/16/2017 9:42,11/14/2017 12:21,17.78125,-64.62357,
BUIS_45,VR2W-106781,5/9/2017 14:09,11/8/2017 14:13,17.77962,-64.62423,
BUIS_46,VR2W-127009,5/8/2017 12:04,11/7/2017 13:54,17.77813,-64.62523,
BUIS_47,VR2W-104621,5/3/2017 13:58,11/8/2017 14:50,17.78033,-64.64191,
BUIS_49,VR2W-110204,5/9/2017 17:16,11/14/2017 10:54,17.78058,-64.61318,
BUIS_50,VR2W-105333,5/15/2017 15:15,11/9/2017 15:01,17.79328,-64.62435,
BUIS_51,VR2W-128870,5/15/2017 15:01,11/9/2017 14:48,17.79450,-64.62527,
BUIS_52,VR2W-106776,5/15/2017 14:31,11/9/2017 14:16,17.79881,-64.62295,
BUIS_53,VR2W-108443,5/9/2017 10:32,11/10/2017 12:44,17.80672,-64.63931,
BUIS_54,VR2W-102917,5/9/2017 10:55,9/4/2017 13:21,17.81171,-64.63815,
BUIS_55,VR2W-120273,5/9/2017 11:20,11/10/2017 11:55,17.81245,-64.63305,
BUIS_56,VR2W-128872,5/9/2017 12:48,11/10/2017 11:29,17.80951,-64.62175,
BUIS_57,VR2W-120967,5/9/2017 13:14,11/10/2017 11:02,17.80878,-64.61457,
BUIS_58,VR2W-124581,5/10/2017 9:38,11/10/2017 10:41,17.80635,-64.60589,
BUIS_59,VR2W-124589,5/10/2017 10:06,11/10/2017 10:12,17.80514,-64.59657,
BUIS_60,VR2W-107319,5/10/2017 10:50,11/8/2017 11:57,17.80187,-64.58978,
BUIS_61,VR2W-125862,5/15/2017 12:47,11/8/2017 11:15,17.79937,-64.58104,
BUIS_62,VR2W-104024,5/5/2017 11:51,11/9/2017 12:49,17.79811,-64.57077,
BUIS_63,VR2W-114097,5/5/2017 11:26,11/7/2017 10:17,17.80136,-64.56660,
BUIS_64,VR2W-124588,5/5/2017 12:58,9/3/2017 11:13,17.79497,-64.57315,
BUIS_66,VR2W-102194,5/5/2017 13:24,11/14/2017 10:52,17.79826,-64.57601,
BUIS_67,VR2W-104623,5/15/2017 11:23,9/3/2017 11:29,17.79557,-64.57764,
BUIS_69,VR2W-108420,5/10/2017 11:59,9/4/2017 9:52,17.79641,-64.58268,
BUIS_70,VR2W-103053,5/10/2017 13:04,11/7/2017 12:03,17.80299,-64.58283,
BUIS_71,VR2W-106780,5/10/2017 13:49,11/8/2017 12:20,17.80052,-64.58529,
BUIS_72,VR2W-128867,5/10/2017 11:36,9/4/2017 11:07,17.79730,-64.58636,
BUIS_73,VR2W-108146,5/10/2017 11:14,9/4/2017 11:38,17.79895,-64.59072,
BUIS_74,VR2W-128874,5/10/2017 10:30,11/8/2017 11:38,17.80239,-64.59352,
BUIS_75,VR2W-110209,5/10/2017 12:40,11/7/2017 10:44,17.80199,-64.57876,
BUIS_76,VR2W-102193,5/9/2017 9:50,9/4/2017 12:15,17.80273,-64.63946,
BUIS_77,VR2W-102800,5/9/2017 11:42,9/4/2017 12:39,17.80901,-64.63531,
BUIS_78,VR2W-124585,5/9/2017 12:25,9/4/2017 12:59,17.80594,-64.62159,
EEMP_01,VR2W-127007,5/15/2017 11:50,9/4/2017 10:14,17.79759,-64.56723,
EEMP_02,VR2W-104088,5/12/2017 14:51,9/4/2017 10:40,17.79470,-64.56933,
LANG_01,VR2W-108145,5/12/2017 14:18,10/31/2017 15:49,17.80652,-64.54310,
LANG_03,VR2W-124582,5/12/2017 13:28,10/31/2017 15:26,17.82495,-64.50996,
LANG_04,VR2W-104938,5/12/2017 13:50,10/31/2017 15:06,17.81992,-64.50908,
LANG_05,VR2W-124584,5/12/2017 13:01,10/31/2017 14:32,17.83172,-64.48045,
LUVI_27,VR2W-129666,5/8/2017 17:01,11/15/2017 11:39,17.77677,-64.61621,
LUVI_28,VR2W-129671,5/8/2017 17:33,11/14/2017 12:28,17.77953,-64.61620,
LUVI_29,VR2W-129672,5/8/2017 16:40,11/15/2017 11:22,17.77583,-64.61244,
LUVI_30,VR2W-129668,5/8/2017 16:28,11/15/2017 11:05,17.77556,-64.61069,
LUVI_31,VR2W-129670,5/10/2017 13:35,11/15/2017 10:24,17.77924,-64.61005,
LUVI_32,VR2W-127380,5/10/2017 13:25,11/15/2017 10:11,17.78021,-64.60757,
LUVI_33,VR2W-129664,5/8/2017 16:10,11/15/2017 10:41,17.77649,-64.60607,
LUVI_34,VR2W-129682,5/8/2017 17:18,11/14/2017 12:05,17.77921,-64.61434,
LUVI_37,VR2W-129678,5/10/2017 13:13,11/13/2017 10:28,17.78203,-64.60854,
LUVI_38,VR2W-129663,5/10/2017 13:03,11/13/2017 10:09,17.78211,-64.60756,
LUVI_39,VR2W-129669,5/9/2017 16:05,11/10/2017 10:05,17.78295,-64.60792,
LVPS_01,VR2W-127993,5/11/2017 15:19,11/8/2017 12:04,17.78380,-64.61401,
LVPS_02,VR2W-126518,5/11/2017 15:04,11/8/2017 12:21,17.78417,-64.61315,
LVPS_03,VR2W-126531,5/11/2017 14:58,11/8/2017 12:51,17.78439,-64.61238,
LVPS_04,VR2W-126522,5/11/2017 14:40,11/8/2017 13:31,17.78524,-64.61083,
LVPS_05,VR2W-126519,5/11/2017 15:36,11/9/2017 10:46,17.78292,-64.61399,
LVPS_06,VR2W-126527,5/11/2017 15:46,11/9/2017 11:07,17.78322,-64.61320,
LVPS_07,VR2W-126536,5/11/2017 15:56,11/9/2017 11:26,17.78338,-64.61241,
LVPS_08,VR2W-126524,5/12/2017 13:47,11/9/2017 11:55,17.78389,-64.61155,
LVPS_09,VR2W-126517,5/12/2017 13:37,11/9/2017 12:19,17.78430,-64.61089,
LVPS_10,VR2W-126533,5/11/2017 15:30,11/10/2017 11:50,17.78234,-64.61335,
LVPS_11,VR2W-126528,5/12/2017 14:17,11/10/2017 11:35,17.78260,-64.61253,
LVPS_12,VR2W-126521,5/12/2017 14:07,11/10/2017 11:14,17.78299,-64.61159,
LVPS_13,VR2W-114124,5/12/2017 13:59,11/9/2017 12:49,17.78342,-64.61071,
LVPS_14,VR2W-126525,5/11/2017 15:19,11/10/2017 12:08,17.78144,-64.61348,
LVPS_15,VR2W-124580,5/11/2017 15:10,11/13/2017 12:00,17.78157,-64.61264,
LVPS_16,VR2W-126532,5/11/2017 15:00,11/13/2017 11:43,17.78206,-64.61168,
LVPS_17,VR2W-104022,5/11/2017 14:50,11/10/2017 10:58,17.78255,-64.61082,
LVPS_18,VR2W-126530,5/11/2017 14:40,11/10/2017 10:43,17.78296,-64.60995,
LVPS_19,VR2W-126526,5/9/2017 17:01,11/14/2017 10:30,17.78078,-64.61222,
LVPS_20,VR2W-126534,5/9/2017 16:43,11/13/2017 11:20,17.78153,-64.61101,
LVPS_21,VR2W-103213,5/9/2017 16:33,11/13/2017 11:05,17.78178,-64.61022,
LVPS_22,VR2W-126520,5/9/2017 16:25,11/13/2017 10:46,17.78221,-64.60949,
LVPS_23,VR2W-126529,5/11/2017 15:49,11/14/2017 11:21,17.77985,-64.61260,
LVPS_24,VR2W-126523,5/10/2017 13:45,11/14/2017 11:47,17.77982,-64.61161,
LVPS_25,VR2W-126535,5/9/2017 16:53,11/14/2017 10:12,17.78079,-64.61132,
REFT_04,see sync tag,5/10/2017 12:19,11/9/2017 13:39,17.79723,-64.57601,
REFT_05,see sync tag,5/10/2017 13:24,11/7/2017 11:08,17.80191,-64.58289,
REFT_07,see sync tag,5/9/2017 10:08,11/15/2017 11:35,17.80568,-64.63917,
RNEM_02,VR2W-107858,5/12/2017 11:49,10/31/2017 11:27,17.82641,-64.45465,
RNEM_09,VR2W-129275,5/12/2017 12:36,10/31/2017 13:31,17.82842,-64.46169,
RNEM_45,VR2W-124583,5/12/2017 10:53,10/31/2017 10:57,17.82544,-64.45217,
RNEM_46,VR2W-128177,5/12/2017 12:13,10/31/2017 12:04,17.82769,-64.45828,
RNEM_52,VR2W-114486,5/12/2017 11:21,12/1/2017 10:55,17.83012,-64.43228,
UVEE_80,VR2W-129680,5/15/2017 12:51,11/16/2017 11:44,17.76213,-64.61684,
UVEE_82,VR2W-129677,5/15/2017 12:38,11/16/2017 11:31,17.76350,-64.61683,
UVEE_86,VR2W-129689,5/15/2017 14:46,11/15/2017 13:51,17.76779,-64.63040,
UVEE_87,VR2W-129691,5/15/2017 14:32,11/15/2017 13:40,17.76681,-64.62786,
UVEE_88,VR2W-129679,5/17/2017 11:41,11/15/2017 13:26,17.76627,-64.62516,
UVEE_89,VR2W-129690,5/17/2017 11:28,11/15/2017 13:13,17.76630,-64.62244,
UVEE_90,VR2W-129683,5/16/2017 15:36,11/16/2017 12:23,17.76610,-64.61963,
UVEE_91,VR2W-129686,5/16/2017 15:17,11/16/2017 12:40,17.76593,-64.61701,
UVEE_92,VR2W-129688,5/16/2017 15:00,11/16/2017 11:27,17.76537,-64.61468,
UVEE_93,VR2W-129684,5/16/2017 14:40,11/16/2017 11:10,17.76502,-64.61206,
UVEE_94,VR2W-129685,5/16/2017 14:21,11/16/2017 10:54,17.76457,-64.60955,
UVEE_95,VR2W-129687,5/16/2017 14:00,11/16/2017 10:38,17.76458,-64.60669,
UVEE_96,VR2W-129675,5/16/2017 13:41,11/16/2017 10:22,17.76460,-64.60523,
UVEE_97,VR2W-129676,5/15/2017 12:23,11/16/2017 10:28,17.76258,-64.61189,
UVEE_98,VR2W-129673,5/15/2017 12:28,11/16/2017 10:54,17.76141,-64.61190,
UVEE_99,VR2W-129674,5/17/2017 12:14,11/16/2017 10:09,17.76336,-64.60134,
